Filename,EventNum,GT ICs,GT FOs,IMU ICs,IMU FOs,GTStrideTime,IMUStrideTime,GTStanceTime,IMUStanceTime,GTSwingTime,IMUSwingTime
TF_01_0028.c3d,Event1,238.0,302.0,238.0,300.0,106.0,105.0,64.0,62.0,42.0,43.0
TF_01_0028.c3d,Event2,290.0,352.0,291.0,351.0,112.0,105.0,62.0,60.0,50.0,45.0
TF_01_0028.c3d,Event6,510.0,569.0,505.0,567.0,101.0,109.0,59.0,62.0,42.0,47.0
TF_01_0028.c3d,Event7,558.0,624.0,559.0,623.0,,,66.0,64.0,,
TF_01_0028.c3d,Event8,611.0,,614.0,,,,,,,
TF_01_0029.c3d,Event1,226.0,290.0,229.0,294.0,107.0,107.0,64.0,65.0,43.0,42.0
TF_01_0029.c3d,Event2,277.0,341.0,283.0,342.0,109.0,105.0,64.0,59.0,45.0,46.0
TF_01_0029.c3d,Event6,492.0,552.0,491.0,553.0,104.0,107.0,60.0,62.0,44.0,45.0
TF_01_0029.c3d,Event7,541.0,605.0,544.0,608.0,107.0,105.0,64.0,64.0,43.0,41.0
TF_01_0029.c3d,Event8,596.0,,598.0,,,,,,,
TF_01_0029.c3d,Event9,648.0,,649.0,,,,,,,
TF_01_0030.c3d,Event1,218.0,279.0,221.0,282.0,105.0,104.0,61.0,61.0,44.0,43.0
TF_01_0030.c3d,Event2,267.0,329.0,273.0,330.0,112.0,104.0,62.0,57.0,50.0,47.0
TF_01_0030.c3d,Event6,480.0,545.0,482.0,543.0,107.0,108.0,65.0,61.0,42.0,47.0
TF_01_0030.c3d,Event7,534.0,597.0,536.0,600.0,106.0,105.0,63.0,64.0,43.0,41.0
TF_01_0030.c3d,Event8,587.0,,590.0,,,,,,,
TF_01_0030.c3d,Event9,640.0,,641.0,,,,,,,
TF_02_0024.c3d,Event1,242.0,304.0,244.0,309.0,108.0,113.0,62.0,65.0,46.0,48.0
TF_02_0024.c3d,Event5,466.0,535.0,469.0,540.0,117.0,117.0,69.0,71.0,48.0,46.0
TF_02_0024.c3d,Event6,526.0,592.0,528.0,595.0,113.0,117.0,66.0,67.0,47.0,50.0
TF_02_0024.c3d,Event7,583.0,,586.0,,,,,,,
TF_02_0024.c3d,Event8,639.0,,645.0,,,,,,,
TF_02_0025.c3d,Event1,217.0,278.0,217.0,281.0,106.0,110.0,61.0,64.0,45.0,46.0
TF_02_0025.c3d,Event2,271.0,331.0,272.0,332.0,103.0,108.0,60.0,60.0,43.0,48.0
TF_02_0025.c3d,Event6,493.0,560.0,493.0,560.0,113.0,118.0,67.0,67.0,46.0,51.0
TF_02_0025.c3d,Event7,550.0,,551.0,,,,,,,
TF_02_0025.c3d,Event8,606.0,,611.0,,,,,,,
TF_02_0026.c3d,Event1,215.0,276.0,215.0,277.0,107.0,110.0,61.0,62.0,46.0,48.0
TF_02_0026.c3d,Event2,269.0,329.0,271.0,331.0,104.0,107.0,60.0,60.0,44.0,47.0
TF_02_0026.c3d,Event5,434.0,498.0,432.0,500.0,112.0,114.0,64.0,68.0,48.0,46.0
TF_02_0026.c3d,Event6,489.0,555.0,489.0,555.0,111.0,115.0,66.0,66.0,45.0,49.0
TF_02_0026.c3d,Event7,546.0,,546.0,,,,,,,
TF_02_0026.c3d,Event8,600.0,,604.0,,,,,,,
TF_03_0030.c3d,Event1,224.0,284.0,219.0,284.0,104.0,107.0,60.0,65.0,44.0,42.0
TF_03_0030.c3d,Event2,275.0,336.0,273.0,337.0,105.0,108.0,61.0,64.0,44.0,44.0
TF_03_0030.c3d,Event3,328.0,388.0,326.0,395.0,108.0,110.0,60.0,69.0,48.0,41.0
TF_03_0030.c3d,Event7,542.0,607.0,541.0,605.0,107.0,107.0,65.0,64.0,42.0,43.0
TF_03_0030.c3d,Event8,597.0,657.0,595.0,660.0,104.0,106.0,60.0,65.0,44.0,41.0
TF_03_0030.c3d,Event9,649.0,711.0,648.0,714.0,106.0,109.0,62.0,66.0,44.0,43.0
TF_03_0030.c3d,Event10,701.0,,701.0,,,,,,,
TF_03_0030.c3d,Event11,755.0,,757.0,,,,,,,
TF_03_0032.c3d,Event1,297.0,359.0,297.0,361.0,107.0,105.0,62.0,64.0,45.0,41.0
TF_03_0032.c3d,Event2,348.0,409.0,349.0,412.0,104.0,107.0,61.0,63.0,43.0,44.0
TF_03_0032.c3d,Event3,404.0,462.0,402.0,468.0,101.0,109.0,58.0,66.0,43.0,43.0
TF_03_0032.c3d,Event7,612.0,677.0,615.0,679.0,106.0,104.0,65.0,64.0,41.0,40.0
TF_03_0032.c3d,Event8,667.0,727.0,666.0,731.0,103.0,107.0,60.0,65.0,43.0,42.0
TF_03_0032.c3d,Event9,718.0,,719.0,,,,,,,
TF_03_0032.c3d,Event10,770.0,,773.0,,,,,,,
TF_03_0033.c3d,Event1,228.0,287.0,224.0,289.0,101.0,107.0,59.0,65.0,42.0,42.0
TF_03_0033.c3d,Event2,278.0,339.0,278.0,344.0,102.0,106.0,61.0,66.0,41.0,40.0
TF_03_0033.c3d,Event3,329.0,389.0,331.0,,110.0,110.0,60.0,,50.0,
TF_03_0033.c3d,Event7,551.0,614.0,551.0,613.0,104.0,105.0,63.0,62.0,41.0,43.0
TF_03_0033.c3d,Event8,604.0,666.0,603.0,670.0,107.0,109.0,62.0,67.0,45.0,42.0
TF_03_0033.c3d,Event9,655.0,,656.0,,,,,,,
TF_03_0033.c3d,Event10,711.0,,712.0,,,,,,,
TF_04_0025.c3d,Event1,177.0,231.0,183.0,235.0,93.0,98.0,54.0,52.0,39.0,46.0
TF_04_0025.c3d,Event2,225.0,277.0,233.0,286.0,89.0,95.0,52.0,53.0,37.0,42.0
TF_04_0025.c3d,Event7,458.0,519.0,463.0,524.0,109.0,106.0,61.0,61.0,48.0,45.0
TF_04_0025.c3d,Event8,510.0,,515.0,,,,,,,
TF_04_0025.c3d,Event9,567.0,,569.0,,,,,,,
TF_04_0026.c3d,Event1,160.0,211.0,160.0,239.0,93.0,99.0,51.0,79.0,42.0,20.0
TF_04_0026.c3d,Event2,206.0,259.0,211.0,266.0,94.0,96.0,53.0,55.0,41.0,41.0
TF_04_0026.c3d,Event7,467.0,530.0,468.0,530.0,107.0,110.0,63.0,62.0,44.0,48.0
TF_04_0026.c3d,Event8,521.0,,523.0,,,,,,,
TF_04_0026.c3d,Event9,574.0,,578.0,,,,,,,
TF_04_0027.c3d,Event1,229.0,285.0,230.0,288.0,95.0,100.0,56.0,58.0,39.0,42.0
TF_04_0027.c3d,Event2,277.0,333.0,281.0,331.0,91.0,96.0,56.0,50.0,35.0,46.0
TF_04_0027.c3d,Event6,476.0,540.0,475.0,542.0,105.0,109.0,64.0,67.0,41.0,42.0
TF_04_0027.c3d,Event7,530.0,590.0,531.0,592.0,99.0,107.0,60.0,61.0,39.0,46.0
TF_04_0027.c3d,Event8,581.0,,584.0,,,,,,,
TF_04_0027.c3d,Event9,629.0,,638.0,,,,,,,
TF_05_0022.c3d,Event1,369.0,452.0,376.0,457.0,128.0,123.0,83.0,81.0,45.0,42.0
TF_05_0022.c3d,Event2,436.0,511.0,437.0,514.0,118.0,122.0,75.0,77.0,43.0,45.0
TF_05_0022.c3d,Event3,497.0,572.0,499.0,576.0,117.0,118.0,75.0,77.0,42.0,41.0
TF_05_0022.c3d,Event4,554.0,633.0,559.0,638.0,122.0,119.0,79.0,79.0,43.0,40.0
TF_05_0022.c3d,Event8,796.0,875.0,802.0,878.0,122.0,118.0,79.0,76.0,43.0,42.0
TF_05_0022.c3d,Event9,859.0,932.0,861.0,934.0,116.0,118.0,73.0,73.0,43.0,45.0
TF_05_0022.c3d,Event10,918.0,991.0,920.0,994.0,118.0,121.0,73.0,74.0,45.0,47.0
TF_05_0022.c3d,Event11,975.0,,979.0,,,,,,,
TF_05_0022.c3d,Event12,1036.0,,1041.0,,,,,,,
TF_05_0023.c3d,Event1,301.0,382.0,306.0,385.0,124.0,122.0,81.0,79.0,43.0,43.0
TF_05_0023.c3d,Event2,365.0,440.0,368.0,441.0,120.0,119.0,75.0,73.0,45.0,46.0
TF_05_0023.c3d,Event3,425.0,499.0,428.0,501.0,117.0,117.0,74.0,73.0,43.0,44.0
TF_05_0023.c3d,Event4,485.0,560.0,487.0,561.0,124.0,119.0,75.0,74.0,49.0,45.0
TF_05_0023.c3d,Event8,734.0,816.0,737.0,818.0,125.0,123.0,82.0,81.0,43.0,42.0
TF_05_0023.c3d,Event9,799.0,874.0,801.0,873.0,121.0,120.0,75.0,72.0,46.0,48.0
TF_05_0023.c3d,Event10,859.0,935.0,860.0,936.0,122.0,126.0,76.0,76.0,46.0,50.0
TF_05_0023.c3d,Event11,920.0,,921.0,,,,,,,
TF_05_0023.c3d,Event12,981.0,,986.0,,,,,,,
TF_05_0024.c3d,Event1,312.0,394.0,317.0,397.0,125.0,123.0,82.0,80.0,43.0,43.0
TF_05_0024.c3d,Event2,377.0,453.0,378.0,454.0,122.0,122.0,76.0,76.0,46.0,46.0
TF_05_0024.c3d,Event3,437.0,513.0,440.0,518.0,121.0,119.0,76.0,78.0,45.0,41.0
TF_05_0024.c3d,Event4,499.0,577.0,500.0,576.0,124.0,123.0,78.0,76.0,46.0,47.0
TF_05_0024.c3d,Event8,760.0,835.0,758.0,835.0,120.0,123.0,75.0,77.0,45.0,46.0
TF_05_0024.c3d,Event9,819.0,896.0,820.0,897.0,119.0,122.0,77.0,77.0,42.0,45.0
TF_05_0024.c3d,Event10,880.0,,881.0,,,,,,,
TF_05_0024.c3d,Event11,938.0,,942.0,,,,,,,
TF_06_0025.c3d,Event1,280.0,344.0,277.0,346.0,108.0,110.0,64.0,69.0,44.0,41.0
TF_06_0025.c3d,Event2,334.0,398.0,332.0,400.0,105.0,109.0,64.0,68.0,41.0,41.0
TF_06_0025.c3d,Event3,388.0,452.0,387.0,452.0,113.0,112.0,64.0,65.0,49.0,47.0
TF_06_0025.c3d,Event8,702.0,768.0,701.0,769.0,110.0,112.0,66.0,68.0,44.0,44.0
TF_06_0025.c3d,Event9,756.0,826.0,756.0,825.0,117.0,116.0,70.0,69.0,47.0,47.0
TF_06_0025.c3d,Event10,812.0,,813.0,,,,,,,
TF_06_0025.c3d,Event11,873.0,,872.0,,,,,,,
TF_06_0026.c3d,Event1,254.0,324.0,251.0,323.0,115.0,117.0,70.0,72.0,45.0,45.0
TF_06_0026.c3d,Event2,313.0,382.0,310.0,379.0,113.0,117.0,69.0,69.0,44.0,48.0
TF_06_0026.c3d,Event3,369.0,439.0,368.0,437.0,112.0,119.0,70.0,69.0,42.0,50.0
TF_06_0026.c3d,Event8,682.0,758.0,680.0,754.0,121.0,120.0,76.0,74.0,45.0,46.0
TF_06_0026.c3d,Event9,743.0,816.0,741.0,813.0,117.0,119.0,73.0,72.0,44.0,47.0
TF_06_0026.c3d,Event10,803.0,,800.0,,,,,,,
TF_06_0026.c3d,Event11,860.0,,860.0,,,,,,,
TF_06_0027.c3d,Event1,280.0,351.0,280.0,350.0,115.0,117.0,71.0,70.0,44.0,47.0
TF_06_0027.c3d,Event2,338.0,409.0,339.0,408.0,116.0,114.0,71.0,69.0,45.0,45.0
TF_06_0027.c3d,Event3,395.0,465.0,397.0,466.0,111.0,113.0,70.0,69.0,41.0,44.0
TF_06_0027.c3d,Event4,454.0,522.0,453.0,520.0,110.0,118.0,68.0,67.0,42.0,51.0
TF_06_0027.c3d,Event8,703.0,775.0,700.0,773.0,118.0,119.0,72.0,73.0,46.0,46.0
TF_06_0027.c3d,Event9,761.0,833.0,760.0,832.0,116.0,120.0,72.0,72.0,44.0,48.0
TF_06_0027.c3d,Event10,821.0,890.0,819.0,,,,69.0,,,
TF_06_0027.c3d,Event11,877.0,,880.0,,,,,,,
TF_07_0025.c3d,Event1,345.0,420.0,347.0,420.0,128.0,126.0,75.0,73.0,53.0,53.0
TF_07_0025.c3d,Event2,410.0,483.0,410.0,483.0,122.0,124.0,73.0,73.0,49.0,51.0
TF_07_0025.c3d,Event3,473.0,546.0,473.0,543.0,123.0,124.0,73.0,70.0,50.0,54.0
TF_07_0025.c3d,Event6,656.0,731.0,659.0,735.0,130.0,124.0,75.0,76.0,55.0,48.0
TF_07_0025.c3d,Event7,720.0,797.0,720.0,797.0,132.0,124.0,77.0,77.0,55.0,47.0
TF_07_0025.c3d,Event8,786.0,,783.0,,,,,,,
TF_07_0025.c3d,Event9,852.0,,844.0,,,,,,,
TF_07_0026.c3d,Event1,290.0,364.0,295.0,365.0,126.0,125.0,74.0,70.0,52.0,55.0
TF_07_0026.c3d,Event2,354.0,428.0,357.0,428.0,121.0,124.0,74.0,71.0,47.0,53.0
TF_07_0026.c3d,Event3,416.0,492.0,420.0,489.0,121.0,122.0,76.0,69.0,45.0,53.0
TF_07_0026.c3d,Event6,600.0,673.0,602.0,673.0,123.0,120.0,73.0,71.0,50.0,49.0
TF_07_0026.c3d,Event7,661.0,734.0,662.0,735.0,121.0,124.0,73.0,73.0,48.0,51.0
TF_07_0026.c3d,Event8,723.0,796.0,722.0,,,,73.0,,,
TF_07_0026.c3d,Event9,782.0,,786.0,,,,,,,
TF_07_0027.c3d,Event1,300.0,375.0,305.0,376.0,126.0,123.0,75.0,71.0,51.0,52.0
TF_07_0027.c3d,Event2,363.0,437.0,367.0,439.0,120.0,122.0,74.0,72.0,46.0,50.0
TF_07_0027.c3d,Event3,426.0,498.0,428.0,513.0,115.0,120.0,72.0,85.0,43.0,35.0
TF_07_0027.c3d,Event7,662.0,740.0,665.0,741.0,130.0,126.0,78.0,76.0,52.0,50.0
TF_07_0027.c3d,Event8,726.0,806.0,727.0,810.0,130.0,131.0,80.0,83.0,50.0,48.0
TF_07_0027.c3d,Event9,792.0,,791.0,,,,,,,
TF_07_0027.c3d,Event10,856.0,,858.0,,,,,,,
TF_08_0025.c3d,Event1,252.0,317.0,256.0,318.0,108.0,109.0,65.0,62.0,43.0,47.0
TF_08_0025.c3d,Event2,307.0,371.0,310.0,373.0,106.0,109.0,64.0,63.0,42.0,46.0
TF_08_0025.c3d,Event3,360.0,423.0,365.0,425.0,106.0,108.0,63.0,60.0,43.0,48.0
TF_08_0025.c3d,Event8,627.0,690.0,630.0,692.0,101.0,103.0,63.0,62.0,38.0,41.0
TF_08_0025.c3d,Event9,677.0,740.0,682.0,742.0,104.0,103.0,63.0,60.0,41.0,43.0
TF_08_0025.c3d,Event10,728.0,791.0,733.0,796.0,104.0,106.0,63.0,63.0,41.0,43.0
TF_08_0025.c3d,Event11,781.0,,785.0,,,,,,,
TF_08_0025.c3d,Event12,832.0,,839.0,,,,,,,
TF_08_0026.c3d,Event1,243.0,306.0,245.0,309.0,108.0,110.0,63.0,64.0,45.0,46.0
TF_08_0026.c3d,Event2,297.0,359.0,299.0,363.0,109.0,110.0,62.0,64.0,47.0,46.0
TF_08_0026.c3d,Event3,351.0,415.0,355.0,415.0,108.0,108.0,64.0,60.0,44.0,48.0
TF_08_0026.c3d,Event8,627.0,690.0,631.0,693.0,105.0,106.0,63.0,62.0,42.0,44.0
TF_08_0026.c3d,Event9,681.0,741.0,683.0,746.0,106.0,107.0,60.0,63.0,46.0,44.0
TF_08_0026.c3d,Event10,732.0,796.0,737.0,801.0,107.0,109.0,64.0,64.0,43.0,45.0
TF_08_0026.c3d,Event11,787.0,,790.0,,,,,,,
TF_08_0026.c3d,Event12,839.0,,846.0,,,,,,,
TF_09_0029.c3d,Event1,288.0,355.0,290.0,371.0,110.0,113.0,67.0,81.0,43.0,32.0
TF_09_0029.c3d,Event6,576.0,642.0,578.0,650.0,113.0,115.0,66.0,72.0,47.0,43.0
TF_09_0029.c3d,Event7,632.0,700.0,635.0,711.0,118.0,118.0,68.0,76.0,50.0,42.0
TF_09_0029.c3d,Event8,689.0,,693.0,,,,,,,
TF_09_0029.c3d,Event9,750.0,,753.0,,,,,,,
TF_09_0030.c3d,Event1,242.0,301.0,242.0,307.0,99.0,104.0,59.0,65.0,40.0,39.0
TF_09_0030.c3d,Event2,292.0,351.0,294.0,354.0,100.0,104.0,59.0,60.0,41.0,44.0
TF_09_0030.c3d,Event3,341.0,396.0,346.0,,102.0,103.0,55.0,,47.0,
TF_09_0030.c3d,Event6,498.0,566.0,501.0,571.0,110.0,109.0,68.0,70.0,42.0,39.0
TF_09_0030.c3d,Event7,554.0,618.0,556.0,623.0,108.0,109.0,64.0,67.0,44.0,42.0
TF_09_0030.c3d,Event8,608.0,,610.0,,,,,,,
TF_09_0030.c3d,Event9,662.0,,665.0,,,,,,,
TF_09_0031.c3d,Event1,232.0,291.0,233.0,297.0,101.0,105.0,59.0,64.0,42.0,41.0
TF_09_0031.c3d,Event2,281.0,343.0,285.0,350.0,102.0,107.0,62.0,65.0,40.0,42.0
TF_09_0031.c3d,Event6,496.0,562.0,500.0,567.0,107.0,107.0,66.0,67.0,41.0,40.0
TF_09_0031.c3d,Event7,550.0,613.0,553.0,622.0,110.0,109.0,63.0,69.0,47.0,40.0
TF_09_0031.c3d,Event8,603.0,,607.0,,,,,,,
TF_09_0031.c3d,Event9,660.0,,662.0,,,,,,,
TF_10_0026.c3d,Event1,228.0,284.0,227.0,290.0,96.0,101.0,56.0,63.0,40.0,38.0
TF_10_0026.c3d,Event2,276.0,334.0,278.0,338.0,98.0,102.0,58.0,60.0,40.0,42.0
TF_10_0026.c3d,Event3,324.0,383.0,328.0,394.0,106.0,105.0,59.0,66.0,47.0,39.0
TF_10_0026.c3d,Event7,537.0,601.0,539.0,603.0,104.0,105.0,64.0,64.0,40.0,41.0
TF_10_0026.c3d,Event8,590.0,650.0,591.0,,,,60.0,,,
TF_10_0026.c3d,Event9,641.0,,644.0,,,,,,,
TF_10_0027.c3d,Event1,253.0,307.0,247.0,316.0,93.0,101.0,54.0,69.0,39.0,32.0
TF_10_0027.c3d,Event2,298.0,354.0,298.0,358.0,97.0,101.0,56.0,60.0,41.0,41.0
TF_10_0027.c3d,Event3,346.0,403.0,348.0,413.0,103.0,101.0,57.0,65.0,46.0,36.0
TF_10_0027.c3d,Event7,556.0,616.0,552.0,620.0,101.0,104.0,60.0,68.0,41.0,36.0
TF_10_0027.c3d,Event8,606.0,666.0,604.0,667.0,101.0,105.0,60.0,63.0,41.0,42.0
TF_10_0027.c3d,Event9,657.0,,656.0,,,,,,,
TF_10_0027.c3d,Event10,707.0,,709.0,,,,,,,
TF_10_0028.c3d,Event1,242.0,302.0,245.0,307.0,93.0,98.0,60.0,62.0,33.0,36.0
TF_10_0028.c3d,Event2,291.0,347.0,295.0,351.0,95.0,98.0,56.0,56.0,39.0,42.0
TF_10_0028.c3d,Event3,335.0,400.0,343.0,409.0,104.0,102.0,65.0,66.0,39.0,36.0
TF_10_0028.c3d,Event7,539.0,603.0,540.0,603.0,100.0,102.0,64.0,63.0,36.0,39.0
TF_10_0028.c3d,Event8,589.0,651.0,591.0,657.0,99.0,104.0,62.0,66.0,37.0,38.0
TF_10_0028.c3d,Event9,639.0,,642.0,,,,,,,
TF_10_0028.c3d,Event10,688.0,,695.0,,,,,,,
TF_11_0027.c3d,Event1,235.0,294.0,234.0,297.0,101.0,103.0,59.0,63.0,42.0,40.0
TF_11_0027.c3d,Event2,281.0,345.0,285.0,350.0,104.0,104.0,64.0,65.0,40.0,39.0
TF_11_0027.c3d,Event3,336.0,397.0,337.0,402.0,108.0,105.0,61.0,65.0,47.0,40.0
TF_11_0027.c3d,Event7,547.0,607.0,548.0,612.0,103.0,102.0,60.0,64.0,43.0,38.0
TF_11_0027.c3d,Event8,599.0,662.0,600.0,665.0,101.0,101.0,63.0,65.0,38.0,36.0
TF_11_0027.c3d,Event9,650.0,708.0,650.0,715.0,100.0,101.0,58.0,65.0,42.0,36.0
TF_11_0027.c3d,Event10,700.0,,701.0,,,,,,,
TF_11_0027.c3d,Event11,750.0,,751.0,,,,,,,
TF_11_0028.c3d,Event1,237.0,295.0,235.0,294.0,97.0,101.0,58.0,59.0,39.0,42.0
TF_11_0028.c3d,Event2,289.0,344.0,286.0,346.0,98.0,102.0,55.0,60.0,43.0,42.0
TF_11_0028.c3d,Event6,492.0,555.0,492.0,557.0,105.0,105.0,63.0,65.0,42.0,40.0
TF_11_0028.c3d,Event7,545.0,610.0,544.0,609.0,107.0,108.0,65.0,65.0,42.0,43.0
TF_11_0028.c3d,Event8,597.0,663.0,597.0,664.0,114.0,112.0,66.0,67.0,48.0,45.0
TF_11_0028.c3d,Event9,652.0,,652.0,,,,,,,
TF_11_0028.c3d,Event10,711.0,,709.0,,,,,,,
TF_11_0029.c3d,Event1,236.0,295.0,238.0,298.0,99.0,98.0,59.0,60.0,40.0,38.0
TF_11_0029.c3d,Event2,287.0,344.0,287.0,345.0,101.0,102.0,57.0,58.0,44.0,44.0
TF_11_0029.c3d,Event7,537.0,598.0,539.0,601.0,101.0,99.0,61.0,62.0,40.0,37.0
TF_11_0029.c3d,Event8,587.0,648.0,589.0,655.0,101.0,100.0,61.0,66.0,40.0,34.0
TF_11_0029.c3d,Event9,638.0,,638.0,,,,,,,
TF_11_0029.c3d,Event10,688.0,,689.0,,,,,,,
TF_12_0024.c3d,Event1,232.0,296.0,233.0,298.0,106.0,108.0,64.0,65.0,42.0,43.0
TF_12_0024.c3d,Event2,287.0,347.0,288.0,350.0,104.0,104.0,60.0,62.0,44.0,42.0
TF_12_0024.c3d,Event3,338.0,400.0,341.0,401.0,103.0,106.0,62.0,60.0,41.0,46.0
TF_12_0024.c3d,Event4,391.0,452.0,392.0,454.0,108.0,114.0,61.0,62.0,47.0,52.0
TF_12_0024.c3d,Event8,620.0,682.0,614.0,682.0,101.0,106.0,62.0,68.0,39.0,38.0
TF_12_0024.c3d,Event9,671.0,729.0,667.0,730.0,102.0,107.0,58.0,63.0,44.0,44.0
TF_12_0024.c3d,Event10,721.0,781.0,720.0,784.0,108.0,110.0,60.0,64.0,48.0,46.0
TF_12_0024.c3d,Event11,773.0,,774.0,,,,,,,
TF_12_0024.c3d,Event12,829.0,,830.0,,,,,,,
TF_12_0025.c3d,Event1,191.0,251.0,190.0,256.0,102.0,105.0,60.0,66.0,42.0,39.0
TF_12_0025.c3d,Event2,244.0,302.0,243.0,307.0,101.0,105.0,58.0,64.0,43.0,41.0
TF_12_0025.c3d,Event3,293.0,354.0,295.0,357.0,105.0,108.0,61.0,62.0,44.0,46.0
TF_12_0025.c3d,Event4,345.0,409.0,348.0,412.0,108.0,112.0,64.0,64.0,44.0,48.0
TF_12_0026.c3d,Event1,240.0,303.0,236.0,302.0,104.0,106.0,63.0,66.0,41.0,40.0
TF_12_0026.c3d,Event2,292.0,351.0,289.0,352.0,105.0,107.0,59.0,63.0,46.0,44.0
TF_12_0026.c3d,Event8,618.0,679.0,616.0,679.0,104.0,102.0,61.0,63.0,43.0,39.0
TF_12_0026.c3d,Event9,669.0,730.0,666.0,729.0,105.0,107.0,61.0,63.0,44.0,44.0
TF_12_0026.c3d,Event10,722.0,,718.0,,,,,,,
TF_12_0026.c3d,Event11,774.0,,773.0,,,,,,,
TF_13_0023.c3d,Event1,235.0,294.0,239.0,297.0,100.0,103.0,59.0,58.0,41.0,45.0
TF_13_0023.c3d,Event2,285.0,343.0,291.0,345.0,98.0,101.0,58.0,54.0,40.0,47.0
TF_13_0023.c3d,Event3,335.0,392.0,342.0,393.0,98.0,100.0,57.0,51.0,41.0,49.0
TF_13_0023.c3d,Event7,540.0,598.0,544.0,603.0,101.0,103.0,58.0,59.0,43.0,44.0
TF_13_0023.c3d,Event8,591.0,649.0,596.0,652.0,99.0,103.0,58.0,56.0,41.0,47.0
TF_13_0023.c3d,Event9,641.0,700.0,647.0,704.0,101.0,100.0,59.0,57.0,42.0,43.0
TF_13_0023.c3d,Event10,690.0,,699.0,,,,,,,
TF_13_0023.c3d,Event11,742.0,,747.0,,,,,,,
TF_13_0024.c3d,Event1,223.0,283.0,231.0,285.0,101.0,100.0,60.0,54.0,41.0,46.0
TF_13_0024.c3d,Event2,275.0,333.0,281.0,332.0,94.0,99.0,58.0,51.0,36.0,48.0
TF_13_0024.c3d,Event3,324.0,379.0,331.0,406.0,95.0,97.0,55.0,75.0,40.0,22.0
TF_13_0024.c3d,Event8,575.0,632.0,581.0,633.0,97.0,97.0,57.0,52.0,40.0,45.0
TF_13_0024.c3d,Event9,623.0,679.0,629.0,682.0,100.0,100.0,56.0,53.0,44.0,47.0
TF_13_0024.c3d,Event10,672.0,,678.0,,,,,,,
TF_13_0024.c3d,Event11,723.0,,729.0,,,,,,,
TF_13_0025.c3d,Event1,171.0,230.0,178.0,234.0,100.0,102.0,59.0,56.0,41.0,46.0
TF_13_0025.c3d,Event2,224.0,281.0,229.0,283.0,102.0,102.0,57.0,54.0,45.0,48.0
TF_13_0025.c3d,Event3,271.0,331.0,280.0,333.0,102.0,102.0,60.0,53.0,42.0,49.0
TF_13_0025.c3d,Event4,326.0,384.0,331.0,387.0,104.0,104.0,58.0,56.0,46.0,48.0
TF_13_0025.c3d,Event8,532.0,592.0,538.0,594.0,98.0,103.0,60.0,56.0,38.0,47.0
TF_13_0025.c3d,Event9,583.0,639.0,589.0,643.0,96.0,98.0,56.0,54.0,40.0,44.0
TF_13_0025.c3d,Event10,630.0,,641.0,,,,,,,
TF_13_0025.c3d,Event11,679.0,,687.0,,,,,,,
TF_14_0025.c3d,Event1,197.0,258.0,201.0,261.0,103.0,103.0,61.0,60.0,42.0,43.0
TF_14_0025.c3d,Event2,250.0,308.0,253.0,311.0,101.0,104.0,58.0,58.0,43.0,46.0
TF_14_0025.c3d,Event3,300.0,362.0,304.0,363.0,102.0,106.0,62.0,59.0,40.0,47.0
TF_14_0025.c3d,Event4,351.0,411.0,357.0,416.0,108.0,106.0,60.0,59.0,48.0,47.0
TF_14_0025.c3d,Event9,616.0,677.0,620.0,678.0,102.0,103.0,61.0,58.0,41.0,45.0
TF_14_0025.c3d,Event10,668.0,727.0,671.0,730.0,103.0,104.0,59.0,59.0,44.0,45.0
TF_14_0025.c3d,Event11,718.0,,723.0,,,,,,,
TF_14_0025.c3d,Event12,771.0,,775.0,,,,,,,
TF_15_0025.c3d,Event1,261.0,325.0,259.0,332.0,107.0,111.0,64.0,73.0,43.0,38.0
TF_15_0025.c3d,Event2,316.0,379.0,315.0,387.0,108.0,114.0,63.0,72.0,45.0,42.0
TF_15_0025.c3d,Event3,368.0,436.0,370.0,438.0,118.0,123.0,68.0,68.0,50.0,55.0
TF_15_0025.c3d,Event8,659.0,726.0,661.0,730.0,111.0,112.0,67.0,69.0,44.0,43.0
TF_15_0025.c3d,Event9,716.0,782.0,717.0,788.0,120.0,115.0,66.0,71.0,54.0,44.0
TF_15_0025.c3d,Event10,770.0,,773.0,,,,,,,
TF_15_0025.c3d,Event11,836.0,,832.0,,,,,,,
TF_15_0026.c3d,Event1,276.0,344.0,276.0,348.0,114.0,116.0,68.0,72.0,46.0,44.0
TF_15_0026.c3d,Event2,335.0,399.0,334.0,404.0,115.0,118.0,64.0,70.0,51.0,48.0
TF_15_0026.c3d,Event3,390.0,462.0,392.0,463.0,122.0,123.0,72.0,71.0,50.0,52.0
TF_15_0026.c3d,Event4,450.0,527.0,452.0,531.0,129.0,128.0,77.0,79.0,52.0,49.0
TF_15_0026.c3d,Event8,700.0,769.0,700.0,770.0,116.0,116.0,69.0,70.0,47.0,46.0
TF_15_0026.c3d,Event9,756.0,826.0,757.0,831.0,120.0,122.0,70.0,74.0,50.0,48.0
TF_15_0026.c3d,Event10,816.0,,816.0,,,,,,,
TF_15_0026.c3d,Event11,876.0,,879.0,,,,,,,
TF_15_0027.c3d,Event1,285.0,349.0,283.0,353.0,108.0,112.0,64.0,70.0,44.0,42.0
TF_15_0027.c3d,Event2,339.0,403.0,339.0,405.0,108.0,113.0,64.0,66.0,44.0,47.0
TF_15_0027.c3d,Event3,393.0,459.0,395.0,462.0,114.0,118.0,66.0,67.0,48.0,51.0
TF_15_0027.c3d,Event4,447.0,521.0,452.0,524.0,120.0,121.0,74.0,72.0,46.0,49.0
TF_15_0027.c3d,Event7,630.0,698.0,632.0,705.0,116.0,117.0,68.0,73.0,48.0,44.0
TF_15_0027.c3d,Event8,689.0,759.0,691.0,759.0,117.0,116.0,70.0,68.0,47.0,48.0
TF_15_0027.c3d,Event9,746.0,817.0,749.0,826.0,120.0,119.0,71.0,77.0,49.0,42.0
TF_15_0027.c3d,Event10,806.0,,807.0,,,,,,,
TF_15_0027.c3d,Event11,866.0,,868.0,,,,,,,
TF_16_0028.c3d,Event1,256.0,303.0,268.0,316.0,90.0,92.0,47.0,48.0,43.0,44.0
TF_16_0028.c3d,Event6,504.0,566.0,510.0,574.0,107.0,107.0,62.0,64.0,45.0,43.0
TF_16_0028.c3d,Event7,560.0,613.0,565.0,625.0,88.0,,53.0,60.0,35.0,
TF_16_0028.c3d,Event8,611.0,,617.0,,,,,,,
TF_16_0028.c3d,Event9,648.0,,,,,,,,,
TF_16_0029.c3d,Event1,244.0,283.0,250.0,269.0,85.0,87.0,39.0,19.0,46.0,68.0
TF_16_0029.c3d,Event6,488.0,550.0,494.0,548.0,105.0,95.0,62.0,54.0,43.0,41.0
TF_16_0029.c3d,Event7,541.0,602.0,541.0,607.0,108.0,95.0,61.0,66.0,47.0,29.0
TF_16_0029.c3d,Event8,593.0,,589.0,,,,,,,
TF_16_0029.c3d,Event9,649.0,,636.0,,,,,,,
TF_16_0030.c3d,Event1,220.0,269.0,229.0,,92.0,91.0,49.0,,43.0,
TF_16_0030.c3d,Event2,265.0,319.0,275.0,336.0,100.0,94.0,54.0,61.0,46.0,33.0
TF_16_0030.c3d,Event7,531.0,596.0,533.0,598.0,110.0,110.0,65.0,65.0,45.0,45.0
TF_16_0030.c3d,Event8,586.0,,587.0,,,,,,,
TF_16_0030.c3d,Event9,641.0,,643.0,,,,,,,
TF_17_0027.c3d,Event1,305.0,364.0,300.0,364.0,104.0,103.0,59.0,64.0,45.0,39.0
TF_17_0027.c3d,Event2,354.0,414.0,352.0,411.0,101.0,103.0,60.0,59.0,41.0,44.0
TF_17_0027.c3d,Event7,609.0,676.0,609.0,674.0,106.0,105.0,67.0,65.0,39.0,40.0
TF_17_0027.c3d,Event8,665.0,726.0,662.0,722.0,100.0,104.0,61.0,60.0,39.0,44.0
TF_17_0027.c3d,Event9,715.0,777.0,714.0,777.0,106.0,106.0,62.0,63.0,44.0,43.0
TF_17_0027.c3d,Event10,765.0,,766.0,,,,,,,
TF_17_0027.c3d,Event11,821.0,,820.0,,,,,,,
TF_17_0028.c3d,Event1,294.0,351.0,293.0,353.0,105.0,102.0,57.0,60.0,48.0,42.0
TF_17_0028.c3d,Event2,344.0,404.0,344.0,405.0,99.0,102.0,60.0,61.0,39.0,41.0
TF_17_0028.c3d,Event7,595.0,660.0,594.0,659.0,107.0,107.0,65.0,65.0,42.0,42.0
TF_17_0028.c3d,Event8,648.0,712.0,647.0,712.0,104.0,106.0,64.0,65.0,40.0,41.0
TF_17_0028.c3d,Event9,702.0,762.0,701.0,764.0,102.0,105.0,60.0,63.0,42.0,42.0
TF_17_0028.c3d,Event10,752.0,,753.0,,,,,,,
TF_17_0028.c3d,Event11,804.0,,806.0,,,,,,,
TF_17_0029.c3d,Event1,254.0,309.0,251.0,311.0,99.0,102.0,55.0,60.0,44.0,42.0
TF_17_0029.c3d,Event7,556.0,622.0,559.0,625.0,109.0,106.0,66.0,66.0,43.0,40.0
TF_17_0029.c3d,Event8,612.0,674.0,612.0,682.0,104.0,107.0,62.0,70.0,42.0,37.0
TF_17_0029.c3d,Event9,665.0,728.0,665.0,735.0,105.0,107.0,63.0,70.0,42.0,37.0
TF_17_0029.c3d,Event10,716.0,,719.0,,,,,,,
TF_17_0029.c3d,Event11,770.0,,772.0,,,,,,,
TF_18_0030.c3d,Event1,297.0,358.0,302.0,362.0,102.0,106.0,61.0,60.0,41.0,46.0
TF_18_0030.c3d,Event2,351.0,406.0,355.0,412.0,96.0,105.0,55.0,57.0,41.0,48.0
TF_18_0030.c3d,Event6,557.0,622.0,564.0,624.0,108.0,106.0,65.0,60.0,43.0,46.0
TF_18_0030.c3d,Event7,611.0,677.0,618.0,679.0,109.0,105.0,66.0,61.0,43.0,44.0
TF_18_0030.c3d,Event8,665.0,727.0,670.0,736.0,99.0,107.0,62.0,66.0,37.0,41.0
TF_18_0030.c3d,Event9,720.0,,723.0,,,,,,,
TF_18_0030.c3d,Event10,764.0,,777.0,,,,,,,
TF_18_0031.c3d,Event1,230.0,289.0,232.0,289.0,101.0,104.0,59.0,57.0,42.0,47.0
TF_18_0031.c3d,Event6,483.0,542.0,487.0,542.0,103.0,104.0,59.0,55.0,44.0,49.0
TF_18_0031.c3d,Event7,534.0,,538.0,,,,,,,
TF_18_0031.c3d,Event8,586.0,,591.0,,,,,,,
TF_18_0032.c3d,Event1,229.0,287.0,234.0,288.0,97.0,98.0,58.0,54.0,39.0,44.0
TF_18_0032.c3d,Event5,425.0,476.0,428.0,481.0,96.0,98.0,51.0,53.0,45.0,45.0
TF_18_0032.c3d,Event6,471.0,528.0,477.0,529.0,103.0,100.0,57.0,52.0,46.0,48.0
TF_18_0032.c3d,Event7,521.0,,526.0,,,,,,,
TF_18_0032.c3d,Event8,574.0,,577.0,,,,,,,
TF_18_0033.c3d,Event1,236.0,292.0,240.0,,96.0,100.0,56.0,,40.0,
TF_18_0033.c3d,Event5,434.0,490.0,437.0,490.0,98.0,99.0,56.0,53.0,42.0,46.0
TF_18_0033.c3d,Event6,487.0,539.0,486.0,543.0,94.0,101.0,52.0,57.0,42.0,44.0
TF_18_0033.c3d,Event7,532.0,,536.0,,,,,,,
TF_18_0033.c3d,Event8,581.0,,587.0,,,,,,,
TF_19_0024.c3d,Event1,382.0,459.0,383.0,460.0,119.0,122.0,77.0,77.0,42.0,45.0
TF_19_0024.c3d,Event2,443.0,517.0,444.0,519.0,119.0,122.0,74.0,75.0,45.0,47.0
TF_19_0024.c3d,Event3,501.0,578.0,505.0,581.0,124.0,123.0,77.0,76.0,47.0,47.0
TF_19_0024.c3d,Event4,562.0,642.0,566.0,645.0,131.0,125.0,80.0,79.0,51.0,46.0
TF_19_0024.c3d,Event7,758.0,835.0,759.0,839.0,123.0,124.0,77.0,80.0,46.0,44.0
TF_19_0024.c3d,Event8,819.0,897.0,821.0,901.0,124.0,125.0,78.0,80.0,46.0,45.0
TF_19_0024.c3d,Event9,881.0,960.0,883.0,963.0,126.0,127.0,79.0,80.0,47.0,47.0
TF_19_0024.c3d,Event10,943.0,,946.0,,,,,,,
TF_19_0024.c3d,Event11,1007.0,,1010.0,,,,,,,
TF_19_0025.c3d,Event1,315.0,391.0,321.0,395.0,121.0,120.0,76.0,74.0,45.0,46.0
TF_19_0025.c3d,Event2,376.0,451.0,381.0,455.0,120.0,120.0,75.0,74.0,45.0,46.0
TF_19_0025.c3d,Event3,436.0,509.0,441.0,515.0,121.0,120.0,73.0,74.0,48.0,46.0
TF_19_0025.c3d,Event4,496.0,573.0,501.0,575.0,123.0,122.0,77.0,74.0,46.0,48.0
TF_19_0025.c3d,Event8,745.0,817.0,747.0,821.0,117.0,120.0,72.0,74.0,45.0,46.0
TF_19_0025.c3d,Event9,802.0,873.0,807.0,878.0,120.0,120.0,71.0,71.0,49.0,49.0
TF_19_0025.c3d,Event10,862.0,937.0,867.0,942.0,122.0,123.0,75.0,75.0,47.0,48.0
TF_19_0025.c3d,Event11,922.0,,927.0,,,,,,,
TF_19_0025.c3d,Event12,984.0,,990.0,,,,,,,
TF_19_0026.c3d,Event1,294.0,361.0,297.0,364.0,112.0,115.0,67.0,67.0,45.0,48.0
TF_19_0026.c3d,Event2,347.0,418.0,354.0,423.0,116.0,116.0,71.0,69.0,45.0,47.0
TF_19_0026.c3d,Event3,406.0,475.0,412.0,480.0,117.0,117.0,69.0,68.0,48.0,49.0
TF_19_0026.c3d,Event7,639.0,719.0,651.0,728.0,128.0,119.0,80.0,77.0,48.0,42.0
TF_19_0026.c3d,Event8,708.0,779.0,712.0,786.0,115.0,117.0,71.0,74.0,44.0,43.0
TF_19_0026.c3d,Event9,767.0,838.0,770.0,845.0,116.0,120.0,71.0,75.0,45.0,45.0
TF_19_0026.c3d,Event10,823.0,,829.0,,,,,,,
TF_19_0026.c3d,Event11,883.0,,890.0,,,,,,,
TF_20_0036.c3d,Event1,317.0,383.0,317.0,382.0,113.0,116.0,66.0,65.0,47.0,51.0
TF_20_0036.c3d,Event2,374.0,441.0,376.0,441.0,111.0,114.0,67.0,65.0,44.0,49.0
TF_20_0036.c3d,Event6,625.0,693.0,623.0,692.0,117.0,121.0,68.0,69.0,49.0,52.0
TF_20_0036.c3d,Event7,683.0,751.0,683.0,753.0,117.0,125.0,68.0,70.0,49.0,55.0
TF_20_0036.c3d,Event8,742.0,,744.0,,,,,,,
TF_20_0036.c3d,Event9,800.0,,808.0,,,,,,,
TF_20_0037.c3d,Event1,258.0,324.0,259.0,321.0,112.0,115.0,66.0,62.0,46.0,53.0
TF_20_0037.c3d,Event2,314.0,379.0,317.0,379.0,109.0,113.0,65.0,62.0,44.0,51.0
TF_20_0037.c3d,Event6,559.0,623.0,558.0,625.0,109.0,111.0,64.0,67.0,45.0,44.0
TF_20_0037.c3d,Event7,613.0,678.0,614.0,680.0,111.0,114.0,65.0,66.0,46.0,48.0
TF_20_0037.c3d,Event8,668.0,,669.0,,,,,,,
TF_20_0037.c3d,Event9,724.0,,728.0,,,,,,,
TF_20_0038.c3d,Event1,329.0,395.0,333.0,396.0,114.0,115.0,66.0,63.0,48.0,52.0
TF_20_0038.c3d,Event2,388.0,452.0,391.0,455.0,110.0,112.0,64.0,64.0,46.0,48.0
TF_20_0038.c3d,Event5,562.0,631.0,563.0,632.0,115.0,117.0,69.0,69.0,46.0,48.0
TF_20_0038.c3d,Event6,620.0,687.0,622.0,688.0,113.0,115.0,67.0,66.0,46.0,49.0
TF_20_0038.c3d,Event7,677.0,744.0,680.0,747.0,112.0,116.0,67.0,67.0,45.0,49.0
TF_20_0038.c3d,Event8,733.0,,737.0,,,,,,,
TF_20_0038.c3d,Event9,789.0,,796.0,,,,,,,
TF_21_0028.c3d,Event1,380.0,457.0,382.0,452.0,116.0,116.0,77.0,70.0,39.0,46.0
TF_21_0028.c3d,Event2,440.0,511.0,440.0,513.0,115.0,116.0,71.0,73.0,44.0,43.0
TF_21_0028.c3d,Event3,496.0,568.0,498.0,566.0,125.0,119.0,72.0,68.0,53.0,51.0
TF_21_0028.c3d,Event7,745.0,825.0,750.0,823.0,120.0,119.0,80.0,73.0,40.0,46.0
TF_21_0028.c3d,Event8,808.0,884.0,810.0,885.0,121.0,120.0,76.0,75.0,45.0,45.0
TF_21_0028.c3d,Event9,865.0,944.0,869.0,943.0,,,79.0,74.0,,
TF_21_0028.c3d,Event10,929.0,,930.0,,,,,,,
TF_21_0029.c3d,Event1,374.0,453.0,376.0,450.0,120.0,119.0,79.0,74.0,41.0,45.0
TF_21_0029.c3d,Event2,436.0,507.0,436.0,509.0,114.0,117.0,71.0,73.0,43.0,44.0
TF_21_0029.c3d,Event3,494.0,569.0,495.0,567.0,126.0,119.0,75.0,72.0,51.0,47.0
TF_21_0029.c3d,Event7,747.0,827.0,751.0,824.0,122.0,121.0,80.0,73.0,42.0,48.0
TF_21_0029.c3d,Event8,810.0,890.0,812.0,887.0,120.0,119.0,80.0,75.0,40.0,44.0
TF_21_0029.c3d,Event9,869.0,952.0,872.0,954.0,,,83.0,82.0,,
TF_21_0029.c3d,Event10,930.0,,931.0,,,,,,,
TF_21_0030.c3d,Event1,388.0,467.0,393.0,465.0,117.0,119.0,79.0,72.0,38.0,47.0
TF_21_0030.c3d,Event2,448.0,523.0,453.0,527.0,119.0,118.0,75.0,74.0,44.0,44.0
TF_21_0030.c3d,Event3,505.0,584.0,512.0,583.0,133.0,117.0,79.0,71.0,54.0,46.0
TF_21_0030.c3d,Event4,567.0,647.0,571.0,637.0,123.0,122.0,80.0,66.0,43.0,56.0
TF_21_0030.c3d,Event7,750.0,834.0,755.0,830.0,123.0,122.0,84.0,75.0,39.0,47.0
TF_21_0030.c3d,Event8,814.0,889.0,817.0,892.0,122.0,121.0,75.0,75.0,47.0,46.0
TF_21_0030.c3d,Event9,873.0,951.0,877.0,952.0,,,78.0,75.0,,
TF_21_0030.c3d,Event10,936.0,,938.0,,,,,,,
TF_22_0031.c3d,Event1,277.0,344.0,272.0,346.0,108.0,114.0,67.0,74.0,41.0,40.0
TF_22_0031.c3d,Event6,570.0,638.0,564.0,638.0,112.0,114.0,68.0,74.0,44.0,40.0
TF_22_0031.c3d,Event7,623.0,694.0,622.0,695.0,116.0,115.0,71.0,73.0,45.0,42.0
TF_22_0031.c3d,Event8,682.0,,678.0,,,,,,,
TF_22_0031.c3d,Event9,739.0,,737.0,,,,,,,
TF_22_0032.c3d,Event1,275.0,344.0,273.0,347.0,111.0,113.0,69.0,74.0,42.0,39.0
TF_22_0032.c3d,Event2,329.0,400.0,330.0,401.0,115.0,111.0,71.0,71.0,44.0,40.0
TF_22_0032.c3d,Event3,386.0,454.0,386.0,453.0,110.0,111.0,68.0,67.0,42.0,44.0
TF_22_0032.c3d,Event6,561.0,636.0,560.0,637.0,116.0,117.0,75.0,77.0,41.0,40.0
TF_22_0032.c3d,Event7,621.0,690.0,620.0,693.0,110.0,114.0,69.0,73.0,41.0,41.0
TF_22_0032.c3d,Event8,677.0,747.0,677.0,747.0,,,70.0,70.0,,
TF_22_0032.c3d,Event9,731.0,,734.0,,,,,,,
TF_22_0033.c3d,Event1,301.0,368.0,307.0,378.0,108.0,112.0,67.0,71.0,41.0,41.0
TF_22_0033.c3d,Event2,355.0,422.0,364.0,,111.0,111.0,67.0,,44.0,
TF_22_0033.c3d,Event3,409.0,478.0,419.0,484.0,127.0,115.0,69.0,65.0,58.0,50.0
TF_22_0033.c3d,Event6,583.0,660.0,592.0,667.0,115.0,115.0,77.0,75.0,38.0,40.0
TF_22_0033.c3d,Event7,643.0,714.0,650.0,723.0,,,71.0,73.0,,
TF_22_0033.c3d,Event8,698.0,,707.0,,,,,,,
TF_23_0025.c3d,Event1,310.0,372.0,307.0,376.0,102.0,108.0,62.0,69.0,40.0,39.0
TF_23_0025.c3d,Event2,361.0,423.0,362.0,429.0,101.0,107.0,62.0,67.0,39.0,40.0
TF_23_0025.c3d,Event3,412.0,477.0,415.0,477.0,114.0,114.0,65.0,62.0,49.0,52.0
TF_23_0025.c3d,Event6,589.0,665.0,590.0,666.0,118.0,117.0,76.0,76.0,42.0,41.0
TF_23_0025.c3d,Event7,650.0,720.0,649.0,719.0,110.0,117.0,70.0,70.0,40.0,47.0
TF_23_0025.c3d,Event8,707.0,776.0,707.0,774.0,,,69.0,67.0,,
TF_23_0025.c3d,Event9,760.0,,766.0,,,,,,,
TF_23_0026.c3d,Event1,294.0,361.0,294.0,361.0,108.0,110.0,67.0,67.0,41.0,43.0
TF_23_0026.c3d,Event2,348.0,413.0,349.0,417.0,104.0,109.0,65.0,68.0,39.0,41.0
TF_23_0026.c3d,Event3,402.0,465.0,404.0,467.0,121.0,123.0,63.0,63.0,58.0,60.0
TF_23_0026.c3d,Event6,585.0,656.0,586.0,649.0,110.0,113.0,71.0,63.0,39.0,50.0
TF_23_0026.c3d,Event7,642.0,709.0,643.0,710.0,,,67.0,67.0,,
TF_23_0026.c3d,Event8,695.0,,699.0,,,,,,,
TF_23_0027.c3d,Event1,287.0,348.0,284.0,347.0,101.0,107.0,61.0,63.0,40.0,44.0
TF_23_0027.c3d,Event2,335.0,398.0,337.0,401.0,103.0,108.0,63.0,64.0,40.0,44.0
TF_23_0027.c3d,Event3,388.0,451.0,391.0,451.0,111.0,109.0,63.0,60.0,48.0,49.0
TF_23_0027.c3d,Event6,556.0,627.0,557.0,624.0,113.0,111.0,71.0,67.0,42.0,44.0
TF_23_0027.c3d,Event7,612.0,680.0,613.0,677.0,,,68.0,64.0,,
TF_23_0027.c3d,Event8,669.0,,668.0,,,,,,,
TF_24_0024.c3d,Event1,305.0,360.0,304.0,358.0,93.0,96.0,55.0,54.0,38.0,42.0
TF_24_0024.c3d,Event2,353.0,409.0,352.0,423.0,95.0,97.0,56.0,71.0,39.0,26.0
TF_24_0024.c3d,Event3,398.0,457.0,400.0,452.0,102.0,98.0,59.0,52.0,43.0,46.0
TF_24_0024.c3d,Event8,663.0,721.0,661.0,740.0,97.0,97.0,58.0,79.0,39.0,18.0
TF_24_0024.c3d,Event9,711.0,769.0,710.0,766.0,,,58.0,56.0,,
TF_24_0024.c3d,Event10,760.0,,758.0,,,,,,,
TF_24_0025.c3d,Event1,260.0,318.0,258.0,333.0,98.0,101.0,58.0,75.0,40.0,26.0
TF_24_0025.c3d,Event2,309.0,368.0,309.0,365.0,96.0,99.0,59.0,56.0,37.0,43.0
TF_24_0025.c3d,Event3,358.0,417.0,359.0,437.0,98.0,99.0,59.0,78.0,39.0,21.0
TF_24_0025.c3d,Event8,620.0,679.0,619.0,678.0,101.0,102.0,59.0,59.0,42.0,43.0
TF_24_0025.c3d,Event9,668.0,728.0,670.0,749.0,,,60.0,79.0,,
TF_24_0025.c3d,Event10,721.0,,721.0,,,,,,,
TF_24_0026.c3d,Event1,272.0,331.0,269.0,338.0,98.0,100.0,59.0,69.0,39.0,31.0
TF_24_0026.c3d,Event2,321.0,379.0,320.0,374.0,96.0,98.0,58.0,54.0,38.0,44.0
TF_24_0026.c3d,Event3,370.0,428.0,369.0,446.0,94.0,99.0,58.0,77.0,36.0,22.0
TF_24_0026.c3d,Event8,628.0,689.0,627.0,687.0,100.0,101.0,61.0,60.0,39.0,41.0
TF_24_0026.c3d,Event9,678.0,740.0,678.0,739.0,101.0,101.0,62.0,61.0,39.0,40.0
TF_24_0026.c3d,Event10,728.0,793.0,728.0,788.0,,,65.0,60.0,,
TF_24_0026.c3d,Event11,779.0,,779.0,,,,,,,
TF_25_0028.c3d,Event1,263.0,325.0,259.0,323.0,104.0,108.0,62.0,64.0,42.0,44.0
TF_25_0028.c3d,Event2,312.0,382.0,314.0,386.0,107.0,108.0,70.0,72.0,37.0,36.0
TF_25_0028.c3d,Event3,367.0,433.0,367.0,431.0,117.0,119.0,66.0,64.0,51.0,55.0
TF_25_0028.c3d,Event6,543.0,610.0,542.0,611.0,105.0,109.0,67.0,69.0,38.0,40.0
TF_25_0028.c3d,Event7,597.0,660.0,596.0,659.0,,,63.0,63.0,,
TF_25_0028.c3d,Event8,648.0,,651.0,,,,,,,
TF_25_0029.c3d,Event1,297.0,361.0,294.0,361.0,108.0,112.0,64.0,67.0,44.0,45.0
TF_25_0029.c3d,Event2,348.0,419.0,350.0,423.0,112.0,115.0,71.0,73.0,41.0,42.0
TF_25_0029.c3d,Event3,405.0,470.0,406.0,469.0,114.0,115.0,65.0,63.0,49.0,52.0
TF_25_0029.c3d,Event6,574.0,644.0,575.0,647.0,113.0,113.0,70.0,72.0,43.0,41.0
TF_25_0029.c3d,Event7,632.0,700.0,632.0,706.0,,,68.0,74.0,,
TF_25_0029.c3d,Event8,687.0,,688.0,,,,,,,
TF_25_0030.c3d,Event1,271.0,335.0,264.0,332.0,108.0,112.0,64.0,68.0,44.0,44.0
TF_25_0030.c3d,Event2,321.0,393.0,320.0,392.0,109.0,112.0,72.0,72.0,37.0,40.0
TF_25_0030.c3d,Event7,612.0,682.0,607.0,677.0,,,70.0,70.0,,
TF_25_0030.c3d,Event8,669.0,,664.0,,,,,,,
TF_26_0023.c3d,Event1,256.0,310.0,261.0,320.0,91.0,93.0,54.0,59.0,37.0,34.0
TF_26_0023.c3d,Event6,480.0,535.0,485.0,534.0,87.0,90.0,55.0,49.0,32.0,41.0
TF_26_0023.c3d,Event7,523.0,577.0,530.0,580.0,,,54.0,50.0,,
TF_26_0023.c3d,Event8,567.0,,575.0,,,,,,,
TF_26_0024.c3d,Event1,246.0,296.0,252.0,304.0,85.0,88.0,50.0,52.0,35.0,36.0
TF_26_0024.c3d,Event6,464.0,518.0,471.0,520.0,86.0,90.0,54.0,49.0,32.0,41.0
TF_26_0024.c3d,Event7,508.0,560.0,515.0,,,,52.0,,,
TF_26_0024.c3d,Event8,550.0,,561.0,,,,,,,
TF_26_0025.c3d,Event1,215.0,261.0,222.0,236.0,77.0,79.0,46.0,14.0,31.0,65.0
TF_26_0025.c3d,Event6,420.0,472.0,422.0,482.0,,,52.0,60.0,,
TF_26_0025.c3d,Event7,464.0,,465.0,,,,,,,
TF_27_0024.c3d,Event1,324.0,383.0,325.0,382.0,99.0,102.0,59.0,57.0,40.0,45.0
TF_27_0024.c3d,Event2,374.0,436.0,377.0,434.0,98.0,98.0,62.0,57.0,36.0,41.0
TF_27_0024.c3d,Event9,717.0,780.0,720.0,778.0,100.0,103.0,63.0,58.0,37.0,45.0
TF_27_0024.c3d,Event10,768.0,831.0,771.0,829.0,,,63.0,58.0,,
TF_27_0024.c3d,Event11,817.0,,823.0,,,,,,,
TF_27_0025.c3d,Event1,304.0,364.0,306.0,365.0,100.0,104.0,60.0,59.0,40.0,45.0
TF_27_0025.c3d,Event2,354.0,416.0,358.0,445.0,101.0,103.0,62.0,87.0,39.0,16.0
TF_27_0025.c3d,Event3,404.0,468.0,410.0,468.0,104.0,103.0,64.0,58.0,40.0,45.0
TF_27_0025.c3d,Event9,715.0,778.0,718.0,776.0,98.0,102.0,63.0,58.0,35.0,44.0
TF_27_0025.c3d,Event10,765.0,827.0,769.0,826.0,95.0,102.0,62.0,57.0,33.0,45.0
TF_27_0025.c3d,Event11,813.0,876.0,820.0,874.0,,,63.0,54.0,,
TF_27_0025.c3d,Event12,860.0,,871.0,,,,,,,
TF_27_0026.c3d,Event1,278.0,338.0,281.0,338.0,96.0,98.0,60.0,57.0,36.0,41.0
TF_27_0026.c3d,Event2,327.0,386.0,331.0,385.0,93.0,95.0,59.0,54.0,34.0,41.0
TF_27_0026.c3d,Event3,374.0,432.0,379.0,433.0,93.0,92.0,58.0,54.0,35.0,38.0
TF_27_0026.c3d,Event10,712.0,777.0,715.0,775.0,106.0,102.0,65.0,60.0,41.0,42.0
TF_27_0026.c3d,Event11,762.0,833.0,766.0,830.0,,,71.0,64.0,,
TF_27_0026.c3d,Event12,818.0,,817.0,,,,,,,
TF_28_0025.c3d,Event1,266.0,328.0,266.0,325.0,98.0,102.0,62.0,59.0,36.0,43.0
TF_28_0025.c3d,Event2,316.0,376.0,317.0,374.0,97.0,102.0,60.0,57.0,37.0,45.0
TF_28_0025.c3d,Event3,364.0,425.0,368.0,,99.0,101.0,61.0,,38.0,
TF_28_0025.c3d,Event8,626.0,687.0,625.0,683.0,101.0,103.0,61.0,58.0,40.0,45.0
TF_28_0025.c3d,Event9,674.0,739.0,677.0,735.0,,,65.0,58.0,,
TF_28_0025.c3d,Event10,727.0,,728.0,,,,,,,
TF_28_0026.c3d,Event1,296.0,355.0,296.0,354.0,96.0,100.0,59.0,58.0,37.0,42.0
TF_28_0026.c3d,Event2,344.0,405.0,346.0,403.0,100.0,102.0,61.0,57.0,39.0,45.0
TF_28_0026.c3d,Event3,392.0,455.0,396.0,449.0,105.0,103.0,63.0,53.0,42.0,50.0
TF_28_0026.c3d,Event8,651.0,712.0,652.0,711.0,100.0,100.0,61.0,59.0,39.0,41.0
TF_28_0026.c3d,Event9,703.0,764.0,702.0,759.0,,,61.0,57.0,,
TF_28_0026.c3d,Event10,751.0,,752.0,,,,,,,
TF_28_0027.c3d,Event1,267.0,327.0,267.0,326.0,97.0,102.0,60.0,59.0,37.0,43.0
TF_28_0027.c3d,Event2,316.0,375.0,318.0,375.0,99.0,102.0,59.0,57.0,40.0,45.0
TF_28_0027.c3d,Event3,364.0,423.0,369.0,422.0,102.0,102.0,59.0,53.0,43.0,49.0
TF_28_0027.c3d,Event7,572.0,634.0,573.0,631.0,99.0,102.0,62.0,58.0,37.0,44.0
TF_28_0027.c3d,Event8,622.0,682.0,624.0,682.0,,,60.0,58.0,,
TF_28_0027.c3d,Event9,671.0,,675.0,,,,,,,
TF_29_0024.c3d,Event1,232.0,292.0,234.0,293.0,98.0,100.0,60.0,59.0,38.0,41.0
TF_29_0024.c3d,Event2,282.0,340.0,284.0,341.0,94.0,99.0,58.0,57.0,36.0,42.0
TF_29_0024.c3d,Event6,476.0,541.0,479.0,540.0,104.0,103.0,65.0,61.0,39.0,42.0
TF_29_0024.c3d,Event7,530.0,590.0,531.0,587.0,97.0,101.0,60.0,56.0,37.0,45.0
TF_29_0024.c3d,Event8,580.0,640.0,582.0,638.0,,,60.0,56.0,,
TF_29_0024.c3d,Event9,627.0,,632.0,,,,,,,
TF_29_0025.c3d,Event1,222.0,281.0,222.0,281.0,98.0,101.0,59.0,59.0,39.0,42.0
TF_29_0025.c3d,Event6,473.0,531.0,473.0,530.0,97.0,99.0,58.0,57.0,39.0,42.0
TF_29_0025.c3d,Event7,522.0,582.0,523.0,578.0,98.0,102.0,60.0,55.0,38.0,47.0
TF_29_0025.c3d,Event8,570.0,,572.0,,,,,,,
TF_29_0025.c3d,Event9,620.0,,625.0,,,,,,,
TF_29_0026.c3d,Event1,232.0,289.0,234.0,289.0,94.0,97.0,57.0,55.0,37.0,42.0
TF_29_0026.c3d,Event2,280.0,334.0,282.0,335.0,91.0,97.0,54.0,53.0,37.0,44.0
TF_29_0026.c3d,Event6,471.0,531.0,473.0,529.0,96.0,97.0,60.0,56.0,36.0,41.0
TF_29_0026.c3d,Event7,520.0,578.0,521.0,577.0,93.0,97.0,58.0,56.0,35.0,41.0
TF_29_0026.c3d,Event8,567.0,626.0,570.0,624.0,,,59.0,54.0,,
TF_29_0026.c3d,Event9,613.0,,618.0,,,,,,,
TF_30_0033.c3d,Event1,158.0,212.0,165.0,211.0,84.0,86.0,54.0,46.0,30.0,40.0
TF_30_0033.c3d,Event2,203.0,253.0,208.0,276.0,80.0,85.0,50.0,68.0,30.0,17.0
TF_30_0033.c3d,Event3,242.0,292.0,251.0,,85.0,83.0,50.0,,35.0,
TF_30_0033.c3d,Event8,470.0,524.0,472.0,519.0,84.0,87.0,54.0,47.0,30.0,40.0
TF_30_0033.c3d,Event9,511.0,566.0,516.0,564.0,87.0,87.0,55.0,48.0,32.0,39.0
TF_30_0033.c3d,Event10,554.0,612.0,559.0,606.0,,,58.0,47.0,,
TF_30_0033.c3d,Event11,598.0,,603.0,,,,,,,
TF_30_0034.c3d,Event1,224.0,279.0,231.0,277.0,84.0,87.0,55.0,46.0,29.0,41.0
TF_30_0034.c3d,Event2,269.0,320.0,275.0,345.0,83.0,87.0,51.0,70.0,32.0,17.0
TF_30_0034.c3d,Event3,308.0,360.0,318.0,,85.0,87.0,52.0,,33.0,
TF_30_0034.c3d,Event8,545.0,599.0,549.0,594.0,86.0,87.0,54.0,45.0,32.0,42.0
TF_30_0034.c3d,Event9,586.0,640.0,592.0,639.0,84.0,87.0,54.0,47.0,30.0,40.0
TF_30_0034.c3d,Event10,631.0,684.0,636.0,681.0,,,53.0,45.0,,
TF_30_0034.c3d,Event11,670.0,,679.0,,,,,,,
TF_30_0035.c3d,Event1,207.0,265.0,212.0,262.0,87.0,91.0,58.0,50.0,29.0,41.0
TF_30_0035.c3d,Event2,254.0,306.0,258.0,304.0,84.0,91.0,52.0,46.0,32.0,45.0
TF_30_0035.c3d,Event3,294.0,348.0,303.0,373.0,89.0,92.0,54.0,70.0,35.0,22.0
TF_30_0035.c3d,Event4,338.0,395.0,349.0,,97.0,93.0,57.0,,40.0,
TF_30_0035.c3d,Event8,542.0,604.0,547.0,598.0,104.0,99.0,62.0,51.0,42.0,48.0
TF_30_0035.c3d,Event9,587.0,658.0,596.0,656.0,,,71.0,60.0,,
TF_30_0035.c3d,Event10,646.0,,646.0,,,,,,,
TF_31_0024.c3d,Event1,411.0,476.0,411.0,470.0,99.0,101.0,65.0,59.0,34.0,42.0
TF_31_0024.c3d,Event2,461.0,523.0,462.0,522.0,98.0,98.0,62.0,60.0,36.0,38.0
TF_31_0024.c3d,Event3,510.0,572.0,512.0,567.0,95.0,96.0,62.0,55.0,33.0,41.0
TF_31_0024.c3d,Event4,559.0,618.0,560.0,616.0,94.0,97.0,59.0,56.0,35.0,41.0
TF_31_0024.c3d,Event5,605.0,665.0,608.0,664.0,99.0,96.0,60.0,56.0,39.0,40.0
TF_31_0024.c3d,Event6,653.0,717.0,657.0,713.0,102.0,96.0,64.0,56.0,38.0,40.0
TF_31_0024.c3d,Event11,924.0,996.0,918.0,999.0,107.0,107.0,72.0,81.0,35.0,26.0
TF_31_0024.c3d,Event12,984.0,1047.0,972.0,1042.0,95.0,107.0,63.0,70.0,32.0,37.0
TF_31_0024.c3d,Event13,1031.0,1095.0,1025.0,1090.0,101.0,107.0,64.0,65.0,37.0,42.0
TF_31_0024.c3d,Event14,1079.0,1145.0,1079.0,1145.0,107.0,105.0,66.0,66.0,41.0,39.0
TF_31_0024.c3d,Event15,1132.0,1203.0,1132.0,1197.0,105.0,104.0,71.0,65.0,34.0,39.0
TF_31_0024.c3d,Event16,1186.0,1256.0,1184.0,1253.0,105.0,105.0,70.0,69.0,35.0,36.0
TF_31_0024.c3d,Event17,1237.0,1311.0,1236.0,1308.0,105.0,106.0,74.0,72.0,31.0,34.0
TF_31_0024.c3d,Event18,1291.0,,1289.0,,,,,,,
TF_31_0024.c3d,Event19,1342.0,,1342.0,,,,,,,
TF_31_0025.c3d,Event1,373.0,442.0,374.0,439.0,104.0,104.0,69.0,65.0,35.0,39.0
TF_31_0025.c3d,Event2,427.0,490.0,427.0,487.0,99.0,101.0,63.0,60.0,36.0,41.0
TF_31_0025.c3d,Event3,477.0,540.0,478.0,537.0,99.0,99.0,63.0,59.0,36.0,40.0
TF_31_0025.c3d,Event4,526.0,589.0,528.0,586.0,99.0,98.0,63.0,58.0,36.0,40.0
TF_31_0025.c3d,Event5,576.0,638.0,577.0,635.0,100.0,99.0,62.0,58.0,38.0,41.0
TF_31_0025.c3d,Event6,625.0,692.0,626.0,689.0,105.0,101.0,67.0,63.0,38.0,38.0
TF_31_0025.c3d,Event11,907.0,977.0,905.0,975.0,106.0,108.0,70.0,70.0,36.0,38.0
TF_31_0025.c3d,Event12,961.0,1030.0,959.0,1026.0,106.0,107.0,69.0,67.0,37.0,40.0
TF_31_0025.c3d,Event13,1013.0,1084.0,1013.0,1079.0,103.0,104.0,71.0,66.0,32.0,38.0
TF_31_0025.c3d,Event14,1067.0,1133.0,1066.0,1130.0,100.0,103.0,66.0,64.0,34.0,39.0
TF_31_0025.c3d,Event15,1116.0,1185.0,1117.0,1182.0,103.0,101.0,69.0,65.0,34.0,36.0
TF_31_0025.c3d,Event16,1167.0,,1169.0,,,,,,,
TF_31_0025.c3d,Event17,1219.0,,1218.0,,,,,,,
TF_31_0026.c3d,Event1,385.0,456.0,386.0,451.0,108.0,106.0,71.0,65.0,37.0,41.0
TF_31_0026.c3d,Event2,438.0,506.0,441.0,503.0,101.0,101.0,68.0,62.0,33.0,39.0
TF_31_0026.c3d,Event3,493.0,552.0,492.0,549.0,94.0,100.0,59.0,57.0,35.0,43.0
TF_31_0026.c3d,Event4,539.0,602.0,542.0,601.0,100.0,101.0,63.0,59.0,37.0,42.0
TF_31_0026.c3d,Event5,587.0,654.0,592.0,648.0,107.0,101.0,67.0,56.0,40.0,45.0
TF_31_0026.c3d,Event6,639.0,709.0,643.0,710.0,109.0,105.0,70.0,67.0,39.0,38.0
TF_31_0026.c3d,Event10,874.0,956.0,884.0,953.0,119.0,109.0,82.0,69.0,37.0,40.0
TF_31_0026.c3d,Event11,939.0,1008.0,939.0,1006.0,107.0,107.0,69.0,67.0,38.0,40.0
TF_31_0026.c3d,Event12,993.0,1062.0,993.0,1058.0,105.0,104.0,69.0,65.0,36.0,39.0
TF_31_0026.c3d,Event13,1046.0,1114.0,1046.0,1107.0,98.0,101.0,68.0,61.0,30.0,40.0
TF_31_0026.c3d,Event14,1098.0,1163.0,1097.0,1160.0,98.0,99.0,65.0,63.0,33.0,36.0
TF_31_0026.c3d,Event15,1144.0,1214.0,1147.0,1209.0,100.0,99.0,70.0,62.0,30.0,37.0
TF_31_0026.c3d,Event16,1196.0,1264.0,1196.0,1259.0,,,68.0,63.0,,
TF_31_0026.c3d,Event17,1244.0,,1246.0,,,,,,,
TF_31_0027.c3d,Event1,313.0,373.0,315.0,370.0,94.0,95.0,60.0,55.0,34.0,40.0
TF_31_0027.c3d,Event2,360.0,418.0,363.0,416.0,95.0,95.0,58.0,53.0,37.0,42.0
TF_31_0027.c3d,Event3,407.0,466.0,410.0,466.0,96.0,94.0,59.0,56.0,37.0,38.0
TF_31_0027.c3d,Event4,455.0,516.0,458.0,512.0,94.0,92.0,61.0,54.0,33.0,38.0
TF_31_0027.c3d,Event5,503.0,561.0,504.0,559.0,90.0,93.0,58.0,55.0,32.0,38.0
TF_31_0027.c3d,Event6,549.0,605.0,550.0,605.0,94.0,94.0,56.0,55.0,38.0,39.0
TF_31_0027.c3d,Event11,796.0,874.0,807.0,871.0,111.0,99.0,78.0,64.0,33.0,35.0
TF_31_0027.c3d,Event12,856.0,921.0,858.0,915.0,96.0,95.0,65.0,57.0,31.0,38.0
TF_31_0027.c3d,Event13,907.0,966.0,906.0,964.0,92.0,94.0,59.0,58.0,33.0,36.0
TF_31_0027.c3d,Event14,952.0,1015.0,953.0,1011.0,97.0,95.0,63.0,58.0,34.0,37.0
TF_31_0027.c3d,Event15,999.0,1064.0,1000.0,1062.0,98.0,95.0,65.0,62.0,33.0,33.0
TF_31_0027.c3d,Event16,1049.0,1113.0,1048.0,1110.0,,,64.0,62.0,,
TF_31_0027.c3d,Event17,1097.0,,1095.0,,,,,,,
TF_32_0037.c3d,Event1,220.0,280.0,222.0,283.0,97.0,103.0,60.0,61.0,37.0,42.0
TF_32_0037.c3d,Event2,271.0,330.0,273.0,327.0,96.0,102.0,59.0,54.0,37.0,48.0
TF_32_0037.c3d,Event3,317.0,377.0,325.0,384.0,107.0,100.0,60.0,59.0,47.0,41.0
TF_32_0037.c3d,Event7,522.0,589.0,522.0,587.0,102.0,107.0,67.0,65.0,35.0,42.0
TF_32_0037.c3d,Event8,572.0,636.0,576.0,633.0,,,64.0,57.0,,
TF_32_0037.c3d,Event9,624.0,,629.0,,,,,,,
TF_32_0038.c3d,Event1,230.0,290.0,232.0,296.0,97.0,104.0,60.0,64.0,37.0,40.0
TF_32_0038.c3d,Event2,280.0,339.0,284.0,337.0,99.0,103.0,59.0,53.0,40.0,50.0
TF_32_0038.c3d,Event7,528.0,592.0,530.0,591.0,103.0,103.0,64.0,61.0,39.0,42.0
TF_32_0038.c3d,Event8,579.0,641.0,581.0,639.0,,,62.0,58.0,,
TF_32_0038.c3d,Event9,631.0,,633.0,,,,,,,
TF_32_0039.c3d,Event1,256.0,317.0,258.0,319.0,100.0,104.0,61.0,61.0,39.0,43.0
TF_32_0039.c3d,Event2,306.0,366.0,310.0,366.0,99.0,103.0,60.0,56.0,39.0,47.0
TF_32_0039.c3d,Event3,356.0,416.0,362.0,424.0,103.0,100.0,60.0,62.0,43.0,38.0
TF_32_0039.c3d,Event7,553.0,618.0,557.0,617.0,102.0,103.0,65.0,60.0,37.0,43.0
TF_32_0039.c3d,Event8,606.0,664.0,607.0,665.0,99.0,106.0,58.0,58.0,41.0,48.0
TF_32_0039.c3d,Event9,655.0,715.0,660.0,717.0,,,60.0,57.0,,
TF_32_0039.c3d,Event10,705.0,,713.0,,,,,,,
TF_33_0025.c3d,Event1,226.0,272.0,231.0,,81.0,83.0,46.0,,35.0,
TF_33_0025.c3d,Event2,266.0,316.0,273.0,316.0,81.0,83.0,50.0,43.0,31.0,40.0
TF_33_0025.c3d,Event6,435.0,497.0,446.0,495.0,94.0,91.0,62.0,49.0,32.0,42.0
TF_33_0025.c3d,Event7,488.0,535.0,492.0,542.0,,,47.0,50.0,,
TF_33_0025.c3d,Event8,529.0,,537.0,,,,,,,
TF_33_0026.c3d,Event1,205.0,251.0,221.0,267.0,80.0,79.0,46.0,46.0,34.0,33.0
TF_33_0026.c3d,Event2,244.0,294.0,260.0,303.0,84.0,81.0,50.0,43.0,34.0,38.0
TF_33_0026.c3d,Event3,285.0,335.0,300.0,,85.0,83.0,50.0,,35.0,
TF_33_0026.c3d,Event6,417.0,477.0,427.0,481.0,92.0,92.0,60.0,54.0,32.0,38.0
TF_33_0026.c3d,Event7,465.0,519.0,475.0,524.0,91.0,90.0,54.0,49.0,37.0,41.0
TF_33_0026.c3d,Event8,509.0,563.0,519.0,,,,54.0,,,
TF_33_0026.c3d,Event9,556.0,,565.0,,,,,,,
TF_33_0027.c3d,Event1,200.0,248.0,211.0,276.0,84.0,87.0,48.0,65.0,36.0,22.0
TF_33_0027.c3d,Event7,464.0,514.0,474.0,542.0,84.0,89.0,50.0,68.0,34.0,21.0
TF_33_0027.c3d,Event8,505.0,556.0,518.0,,,,51.0,,,
TF_33_0027.c3d,Event9,548.0,,563.0,,,,,,,
TF_34_0024.c3d,Event1,252.0,308.0,254.0,307.0,92.0,94.0,56.0,53.0,36.0,41.0
TF_34_0024.c3d,Event2,298.0,353.0,301.0,353.0,93.0,93.0,55.0,52.0,38.0,41.0
TF_34_0024.c3d,Event3,344.0,400.0,348.0,397.0,92.0,93.0,56.0,49.0,36.0,44.0
TF_34_0024.c3d,Event7,539.0,604.0,542.0,600.0,103.0,100.0,65.0,58.0,38.0,42.0
TF_34_0024.c3d,Event8,592.0,652.0,592.0,651.0,,,60.0,59.0,,
TF_34_0024.c3d,Event9,642.0,,642.0,,,,,,,
TF_34_0025.c3d,Event1,214.0,272.0,219.0,272.0,95.0,95.0,58.0,53.0,37.0,42.0
TF_34_0025.c3d,Event2,262.0,320.0,266.0,322.0,96.0,97.0,58.0,56.0,38.0,41.0
TF_34_0025.c3d,Event8,557.0,618.0,560.0,616.0,97.0,97.0,61.0,56.0,36.0,41.0
TF_34_0025.c3d,Event9,606.0,665.0,609.0,664.0,,,59.0,55.0,,
TF_34_0025.c3d,Event10,654.0,,657.0,,,,,,,
TF_34_0026.c3d,Event1,240.0,298.0,244.0,297.0,94.0,95.0,58.0,53.0,36.0,42.0
TF_34_0026.c3d,Event2,288.0,344.0,292.0,342.0,91.0,95.0,56.0,50.0,35.0,45.0
TF_34_0026.c3d,Event3,334.0,390.0,339.0,393.0,92.0,94.0,56.0,54.0,36.0,40.0
TF_34_0026.c3d,Event7,528.0,589.0,528.0,586.0,96.0,99.0,61.0,58.0,35.0,41.0
TF_34_0026.c3d,Event8,576.0,636.0,578.0,634.0,97.0,98.0,60.0,56.0,37.0,42.0
TF_34_0026.c3d,Event9,624.0,685.0,627.0,682.0,,,61.0,55.0,,
TF_34_0026.c3d,Event10,673.0,,676.0,,,,,,,
TF_35_0035.c3d,Event1,242.0,300.0,239.0,298.0,97.0,105.0,58.0,59.0,39.0,46.0
TF_35_0035.c3d,Event2,292.0,348.0,292.0,351.0,95.0,103.0,56.0,59.0,39.0,44.0
TF_35_0035.c3d,Event3,339.0,395.0,344.0,397.0,96.0,99.0,56.0,53.0,40.0,46.0
TF_35_0035.c3d,Event6,495.0,558.0,492.0,556.0,109.0,110.0,63.0,64.0,46.0,46.0
TF_35_0035.c3d,Event7,549.0,613.0,547.0,615.0,106.0,110.0,64.0,68.0,42.0,42.0
TF_35_0035.c3d,Event8,604.0,668.0,602.0,663.0,,,64.0,61.0,,
TF_35_0035.c3d,Event9,655.0,,657.0,,,,,,,
TF_35_0036.c3d,Event1,227.0,283.0,226.0,283.0,96.0,105.0,56.0,57.0,40.0,48.0
TF_35_0036.c3d,Event2,277.0,332.0,278.0,333.0,97.0,105.0,55.0,55.0,42.0,50.0
TF_35_0036.c3d,Event3,323.0,386.0,331.0,389.0,111.0,101.0,63.0,58.0,48.0,43.0
TF_35_0036.c3d,Event6,484.0,543.0,483.0,545.0,102.0,107.0,59.0,62.0,43.0,45.0
TF_35_0036.c3d,Event7,537.0,598.0,536.0,595.0,,,61.0,59.0,,
TF_35_0036.c3d,Event8,586.0,,590.0,,,,,,,
TF_35_0037.c3d,Event1,227.0,284.0,225.0,289.0,96.0,105.0,57.0,64.0,39.0,41.0
TF_35_0037.c3d,Event2,276.0,332.0,278.0,331.0,97.0,102.0,56.0,53.0,41.0,49.0
TF_35_0037.c3d,Event3,323.0,385.0,330.0,,106.0,100.0,62.0,,44.0,
TF_35_0037.c3d,Event7,537.0,596.0,535.0,594.0,,,59.0,59.0,,
TF_35_0037.c3d,Event8,586.0,,590.0,,,,,,,
TF_36_0024.c3d,Event1,505.0,570.0,501.0,561.0,103.0,106.0,65.0,60.0,38.0,46.0
TF_36_0024.c3d,Event2,554.0,615.0,554.0,622.0,99.0,104.0,61.0,68.0,38.0,36.0
TF_36_0024.c3d,Event3,608.0,665.0,607.0,662.0,104.0,102.0,57.0,55.0,47.0,47.0
TF_36_0024.c3d,Event7,820.0,878.0,810.0,869.0,99.0,103.0,58.0,59.0,41.0,44.0
TF_36_0024.c3d,Event8,862.0,927.0,861.0,933.0,102.0,104.0,65.0,72.0,37.0,32.0
TF_36_0024.c3d,Event9,919.0,978.0,913.0,982.0,98.0,104.0,59.0,69.0,39.0,35.0
TF_36_0024.c3d,Event10,964.0,1030.0,965.0,1034.0,,,66.0,69.0,,
TF_36_0024.c3d,Event11,1017.0,,1017.0,,,,,,,
TF_36_0025.c3d,Event1,261.0,328.0,258.0,313.0,106.0,105.0,67.0,55.0,39.0,50.0
TF_36_0025.c3d,Event2,308.0,372.0,311.0,379.0,104.0,103.0,64.0,68.0,40.0,35.0
TF_36_0025.c3d,Event8,622.0,688.0,625.0,694.0,108.0,105.0,66.0,69.0,42.0,36.0
TF_36_0025.c3d,Event9,680.0,748.0,677.0,733.0,,,68.0,56.0,,
TF_36_0025.c3d,Event10,730.0,,730.0,,,,,,,
TF_36_0026.c3d,Event1,263.0,327.0,264.0,333.0,102.0,103.0,64.0,69.0,38.0,34.0
TF_36_0026.c3d,Event2,319.0,378.0,315.0,381.0,100.0,104.0,59.0,66.0,41.0,38.0
TF_36_0026.c3d,Event3,365.0,430.0,367.0,436.0,96.0,100.0,65.0,69.0,31.0,31.0
TF_36_0026.c3d,Event8,611.0,670.0,607.0,671.0,99.0,99.0,59.0,64.0,40.0,35.0
TF_36_0026.c3d,Event9,655.0,718.0,656.0,722.0,101.0,100.0,63.0,66.0,38.0,34.0
TF_36_0026.c3d,Event10,710.0,772.0,706.0,774.0,,,62.0,68.0,,
TF_36_0026.c3d,Event11,756.0,,756.0,,,,,,,
TF_37_0036.c3d,Event1,280.0,337.0,281.0,334.0,90.0,92.0,57.0,53.0,33.0,39.0
TF_37_0036.c3d,Event2,325.0,381.0,327.0,382.0,92.0,92.0,56.0,55.0,36.0,37.0
TF_37_0036.c3d,Event3,370.0,425.0,373.0,424.0,97.0,90.0,55.0,51.0,42.0,39.0
TF_37_0036.c3d,Event6,507.0,565.0,507.0,560.0,91.0,91.0,58.0,53.0,33.0,38.0
TF_37_0036.c3d,Event7,554.0,607.0,552.0,606.0,87.0,91.0,53.0,54.0,34.0,37.0
TF_37_0036.c3d,Event8,598.0,650.0,598.0,650.0,,,52.0,52.0,,
TF_37_0036.c3d,Event9,641.0,,643.0,,,,,,,
TF_37_0037.c3d,Event1,171.0,224.0,171.0,226.0,86.0,90.0,53.0,55.0,33.0,35.0
TF_37_0037.c3d,Event2,213.0,266.0,216.0,266.0,87.0,89.0,53.0,50.0,34.0,39.0
TF_37_0037.c3d,Event3,257.0,309.0,261.0,322.0,85.0,87.0,52.0,61.0,33.0,26.0
TF_37_0037.c3d,Event7,435.0,489.0,437.0,487.0,88.0,90.0,54.0,50.0,34.0,40.0
TF_37_0037.c3d,Event8,479.0,533.0,482.0,532.0,,,54.0,50.0,,
TF_37_0037.c3d,Event9,523.0,,527.0,,,,,,,
TF_37_0038.c3d,Event1,266.0,321.0,269.0,319.0,89.0,89.0,55.0,50.0,34.0,39.0
TF_37_0038.c3d,Event2,310.0,364.0,314.0,368.0,87.0,88.0,54.0,54.0,33.0,34.0
TF_37_0038.c3d,Event3,355.0,408.0,358.0,420.0,87.0,88.0,53.0,62.0,34.0,26.0
TF_37_0038.c3d,Event7,535.0,588.0,535.0,588.0,87.0,90.0,53.0,53.0,34.0,37.0
TF_37_0038.c3d,Event8,578.0,633.0,580.0,636.0,,,55.0,56.0,,
TF_37_0038.c3d,Event9,622.0,,625.0,,,,,,,
TF_37_0039.c3d,Event1,250.0,302.0,255.0,304.0,87.0,88.0,52.0,49.0,35.0,39.0
TF_37_0039.c3d,Event2,293.0,346.0,299.0,352.0,89.0,87.0,53.0,53.0,36.0,34.0
TF_37_0039.c3d,Event3,337.0,388.0,343.0,404.0,90.0,86.0,51.0,61.0,39.0,25.0
TF_37_0039.c3d,Event6,467.0,521.0,472.0,545.0,85.0,88.0,54.0,73.0,31.0,15.0
TF_37_0039.c3d,Event7,512.0,564.0,516.0,563.0,84.0,88.0,52.0,47.0,32.0,41.0
TF_37_0039.c3d,Event8,552.0,607.0,560.0,609.0,,,55.0,49.0,,
TF_37_0039.c3d,Event9,596.0,,604.0,,,,,,,
TF_38_0026.c3d,Event1,227.0,275.0,226.0,273.0,83.0,89.0,48.0,47.0,35.0,42.0
TF_38_0026.c3d,Event5,409.0,452.0,398.0,444.0,80.0,89.0,43.0,46.0,37.0,43.0
TF_38_0026.c3d,Event6,444.0,497.0,442.0,496.0,91.0,94.0,53.0,54.0,38.0,40.0
TF_38_0026.c3d,Event7,489.0,543.0,487.0,539.0,,,54.0,52.0,,
TF_38_0026.c3d,Event8,535.0,,536.0,,,,,,,
TF_38_0027.c3d,Event1,199.0,240.0,200.0,265.0,72.0,78.0,41.0,65.0,31.0,13.0
TF_38_0027.c3d,Event2,235.0,278.0,239.0,283.0,72.0,77.0,43.0,44.0,29.0,33.0
TF_38_0027.c3d,Event6,387.0,436.0,388.0,437.0,87.0,79.0,49.0,49.0,38.0,30.0
TF_38_0027.c3d,Event7,430.0,480.0,428.0,482.0,,,50.0,54.0,,
TF_38_0027.c3d,Event8,474.0,,467.0,,,,,,,
TF_38_0028.c3d,Event1,208.0,247.0,214.0,261.0,68.0,72.0,39.0,47.0,29.0,25.0
TF_38_0028.c3d,Event5,356.0,400.0,357.0,426.0,80.0,78.0,44.0,69.0,36.0,9.0
TF_38_0028.c3d,Event6,395.0,443.0,397.0,447.0,,,48.0,50.0,,
TF_38_0028.c3d,Event7,436.0,,435.0,,,,,,,
TF_39_0024.c3d,Event1,244.0,294.0,244.0,294.0,83.0,86.0,50.0,50.0,33.0,36.0
TF_39_0024.c3d,Event2,290.0,334.0,287.0,333.0,76.0,85.0,44.0,46.0,32.0,39.0
TF_39_0024.c3d,Event3,327.0,377.0,330.0,374.0,79.0,84.0,50.0,44.0,29.0,40.0
TF_39_0024.c3d,Event8,545.0,594.0,544.0,600.0,84.0,86.0,49.0,56.0,35.0,30.0
TF_39_0024.c3d,Event9,587.0,637.0,588.0,635.0,86.0,85.0,50.0,47.0,36.0,38.0
TF_39_0024.c3d,Event10,629.0,678.0,630.0,676.0,,,49.0,46.0,,
TF_39_0024.c3d,Event11,673.0,,673.0,,,,,,,
TF_39_0025.c3d,Event1,195.0,246.0,195.0,247.0,88.0,91.0,51.0,52.0,37.0,39.0
TF_39_0025.c3d,Event2,241.0,292.0,241.0,313.0,88.0,90.0,51.0,72.0,37.0,18.0
TF_39_0025.c3d,Event3,283.0,338.0,286.0,335.0,90.0,91.0,55.0,49.0,35.0,42.0
TF_39_0025.c3d,Event4,329.0,384.0,331.0,379.0,88.0,92.0,55.0,48.0,33.0,44.0
TF_39_0025.c3d,Event8,532.0,560.0,514.0,,72.0,87.0,28.0,,44.0,
TF_39_0025.c3d,Event9,558.0,610.0,557.0,610.0,87.0,89.0,52.0,53.0,35.0,36.0
TF_39_0025.c3d,Event10,604.0,654.0,601.0,660.0,85.0,90.0,50.0,59.0,35.0,31.0
TF_39_0025.c3d,Event11,645.0,695.0,646.0,695.0,84.0,,50.0,49.0,34.0,
TF_39_0025.c3d,Event12,689.0,,691.0,,,,,,,
TF_39_0025.c3d,Event13,729.0,,,,,,,,,
TF_39_0026.c3d,Event1,188.0,240.0,190.0,240.0,87.0,88.0,52.0,50.0,35.0,38.0
TF_39_0026.c3d,Event2,234.0,281.0,234.0,282.0,81.0,88.0,47.0,48.0,34.0,40.0
TF_39_0026.c3d,Event3,275.0,322.0,278.0,324.0,79.0,86.0,47.0,46.0,32.0,40.0
TF_39_0026.c3d,Event8,488.0,538.0,487.0,557.0,84.0,88.0,50.0,70.0,34.0,18.0
TF_39_0026.c3d,Event9,530.0,580.0,531.0,580.0,85.0,88.0,50.0,49.0,35.0,39.0
TF_39_0026.c3d,Event10,572.0,624.0,575.0,621.0,,,52.0,46.0,,
TF_39_0026.c3d,Event11,615.0,,619.0,,,,,,,
TF_40_0035.c3d,Event1,283.0,342.0,284.0,340.0,100.0,109.0,59.0,56.0,41.0,53.0
TF_40_0035.c3d,Event2,332.0,393.0,338.0,403.0,109.0,111.0,61.0,65.0,48.0,46.0
TF_40_0035.c3d,Event5,498.0,567.0,504.0,569.0,113.0,113.0,69.0,65.0,44.0,48.0
TF_40_0035.c3d,Event6,555.0,621.0,560.0,621.0,,,66.0,61.0,,
TF_40_0035.c3d,Event7,611.0,,617.0,,,,,,,
TF_40_0036.c3d,Event1,278.0,340.0,281.0,336.0,99.0,105.0,62.0,55.0,37.0,50.0
TF_40_0036.c3d,Event2,330.0,386.0,333.0,390.0,101.0,107.0,56.0,57.0,45.0,50.0
TF_40_0036.c3d,Event5,488.0,554.0,493.0,554.0,,,66.0,61.0,,
TF_40_0036.c3d,Event6,543.0,,546.0,,,,,,,
TF_40_0037.c3d,Event1,282.0,344.0,284.0,341.0,104.0,110.0,62.0,57.0,42.0,53.0
TF_40_0037.c3d,Event5,501.0,569.0,506.0,567.0,109.0,111.0,68.0,61.0,41.0,50.0
TF_40_0037.c3d,Event6,559.0,622.0,561.0,618.0,,,63.0,57.0,,
TF_40_0037.c3d,Event7,610.0,,617.0,,,,,,,
TF_41_0024.c3d,Event1,272.0,328.0,278.0,334.0,91.0,95.0,56.0,56.0,35.0,39.0
TF_41_0024.c3d,Event2,318.0,375.0,326.0,380.0,90.0,93.0,57.0,54.0,33.0,39.0
TF_41_0024.c3d,Event3,363.0,421.0,373.0,427.0,95.0,94.0,58.0,54.0,37.0,40.0
TF_41_0024.c3d,Event7,563.0,622.0,568.0,629.0,95.0,98.0,59.0,61.0,36.0,37.0
TF_41_0024.c3d,Event8,610.0,670.0,617.0,676.0,,,60.0,59.0,,
TF_41_0024.c3d,Event9,658.0,,666.0,,,,,,,
TF_41_0025.c3d,Event1,254.0,306.0,261.0,316.0,89.0,93.0,52.0,55.0,37.0,38.0
TF_41_0025.c3d,Event2,299.0,352.0,308.0,358.0,87.0,93.0,53.0,50.0,34.0,43.0
TF_41_0025.c3d,Event7,538.0,598.0,545.0,605.0,95.0,96.0,60.0,60.0,35.0,36.0
TF_41_0025.c3d,Event8,588.0,644.0,593.0,658.0,,,56.0,65.0,,
TF_41_0025.c3d,Event9,633.0,,641.0,,,,,,,
TF_41_0026.c3d,Event1,267.0,320.0,275.0,329.0,90.0,92.0,53.0,54.0,37.0,38.0
TF_41_0026.c3d,Event2,313.0,367.0,321.0,373.0,87.0,91.0,54.0,52.0,33.0,39.0
TF_41_0026.c3d,Event3,357.0,412.0,367.0,426.0,93.0,92.0,55.0,59.0,38.0,33.0
TF_41_0026.c3d,Event7,553.0,613.0,559.0,619.0,96.0,96.0,60.0,60.0,36.0,36.0
TF_41_0026.c3d,Event8,602.0,658.0,608.0,683.0,,,56.0,75.0,,
TF_41_0026.c3d,Event9,649.0,,655.0,,,,,,,
TF_42_0023.c3d,Event1,250.0,316.0,252.0,319.0,99.0,100.0,66.0,67.0,33.0,33.0
TF_42_0023.c3d,Event2,301.0,361.0,302.0,360.0,97.0,100.0,60.0,58.0,37.0,42.0
TF_42_0023.c3d,Event3,349.0,410.0,352.0,432.0,95.0,99.0,61.0,80.0,34.0,19.0
TF_42_0023.c3d,Event4,398.0,458.0,402.0,,90.0,96.0,60.0,,30.0,
TF_42_0023.c3d,Event8,601.0,669.0,600.0,666.0,103.0,106.0,68.0,66.0,35.0,40.0
TF_42_0023.c3d,Event9,654.0,718.0,654.0,721.0,99.0,103.0,64.0,67.0,35.0,36.0
TF_42_0023.c3d,Event10,704.0,768.0,706.0,765.0,,,64.0,59.0,,
TF_42_0023.c3d,Event11,753.0,,757.0,,,,,,,
TF_42_0024.c3d,Event1,233.0,302.0,239.0,304.0,99.0,97.0,69.0,65.0,30.0,32.0
TF_42_0024.c3d,Event2,285.0,346.0,287.0,342.0,96.0,97.0,61.0,55.0,35.0,42.0
TF_42_0024.c3d,Event3,332.0,395.0,336.0,400.0,93.0,95.0,63.0,64.0,30.0,31.0
TF_42_0024.c3d,Event4,381.0,440.0,384.0,440.0,93.0,94.0,59.0,56.0,34.0,38.0
TF_42_0024.c3d,Event5,425.0,492.0,431.0,504.0,94.0,95.0,67.0,73.0,27.0,22.0
TF_42_0024.c3d,Event9,630.0,695.0,626.0,698.0,100.0,106.0,65.0,72.0,35.0,34.0
TF_42_0024.c3d,Event10,679.0,746.0,680.0,742.0,100.0,100.0,67.0,62.0,33.0,38.0
TF_42_0024.c3d,Event11,730.0,794.0,732.0,797.0,93.0,96.0,64.0,65.0,29.0,31.0
TF_42_0024.c3d,Event12,779.0,835.0,780.0,833.0,,,56.0,53.0,,
TF_42_0024.c3d,Event13,823.0,,828.0,,,,,,,
TF_43_0032.c3d,Event1,249.0,304.0,254.0,307.0,86.0,88.0,55.0,53.0,31.0,35.0
TF_43_0032.c3d,Event2,293.0,344.0,298.0,343.0,84.0,87.0,51.0,45.0,33.0,42.0
TF_43_0032.c3d,Event3,335.0,387.0,342.0,411.0,81.0,83.0,52.0,69.0,29.0,14.0
TF_43_0032.c3d,Event4,377.0,423.0,385.0,426.0,77.0,79.0,46.0,41.0,31.0,38.0
TF_43_0032.c3d,Event9,585.0,643.0,593.0,642.0,94.0,92.0,58.0,49.0,36.0,43.0
TF_43_0032.c3d,Event10,632.0,689.0,639.0,688.0,94.0,93.0,57.0,49.0,37.0,44.0
TF_43_0032.c3d,Event11,679.0,738.0,685.0,735.0,,,59.0,50.0,,
TF_43_0032.c3d,Event12,726.0,,732.0,,,,,,,
TF_43_0033.c3d,Event1,234.0,284.0,242.0,288.0,79.0,81.0,50.0,46.0,29.0,35.0
TF_43_0033.c3d,Event2,275.0,319.0,283.0,324.0,74.0,78.0,44.0,41.0,30.0,37.0
TF_43_0033.c3d,Event3,313.0,343.0,323.0,,72.0,76.0,30.0,,42.0,
TF_43_0033.c3d,Event4,349.0,357.0,361.0,379.0,70.0,75.0,8.0,18.0,62.0,57.0
TF_43_0033.c3d,Event9,542.0,593.0,554.0,,84.0,81.0,51.0,,33.0,
TF_43_0033.c3d,Event10,583.0,636.0,595.0,637.0,88.0,81.0,53.0,42.0,35.0,39.0
TF_43_0033.c3d,Event11,626.0,,635.0,,,,,,,
TF_43_0033.c3d,Event12,671.0,,676.0,,,,,,,
TF_43_0034.c3d,Event1,114.0,159.0,127.0,165.0,74.0,71.0,45.0,38.0,29.0,33.0
TF_43_0034.c3d,Event2,151.0,192.0,163.0,201.0,72.0,71.0,41.0,38.0,31.0,33.0
TF_43_0034.c3d,Event3,188.0,230.0,198.0,,69.0,71.0,42.0,,27.0,
TF_43_0034.c3d,Event4,223.0,264.0,234.0,270.0,71.0,71.0,41.0,36.0,30.0,35.0
TF_43_0034.c3d,Event5,257.0,303.0,269.0,323.0,70.0,71.0,46.0,54.0,24.0,17.0
TF_43_0034.c3d,Event10,440.0,484.0,453.0,512.0,77.0,74.0,44.0,59.0,33.0,15.0
TF_43_0034.c3d,Event11,478.0,525.0,489.0,,,,47.0,,,
TF_43_0034.c3d,Event12,517.0,,527.0,,,,,,,
TF_44_0025.c3d,Event1,301.0,374.0,307.0,369.0,107.0,106.0,73.0,62.0,34.0,44.0
TF_44_0025.c3d,Event2,358.0,425.0,361.0,421.0,101.0,102.0,67.0,60.0,34.0,42.0
TF_44_0025.c3d,Event3,408.0,472.0,413.0,471.0,97.0,98.0,64.0,58.0,33.0,40.0
TF_44_0025.c3d,Event4,459.0,522.0,463.0,518.0,93.0,95.0,63.0,55.0,30.0,40.0
TF_44_0025.c3d,Event5,505.0,568.0,511.0,570.0,91.0,92.0,63.0,59.0,28.0,33.0
TF_44_0025.c3d,Event12,846.0,916.0,851.0,912.0,102.0,104.0,70.0,61.0,32.0,43.0
TF_44_0025.c3d,Event13,899.0,964.0,903.0,966.0,100.0,103.0,65.0,63.0,35.0,40.0
TF_44_0025.c3d,Event14,948.0,1013.0,955.0,1013.0,99.0,103.0,65.0,58.0,34.0,45.0
TF_44_0025.c3d,Event15,999.0,1063.0,1006.0,1063.0,,,64.0,57.0,,
TF_44_0025.c3d,Event16,1047.0,,1058.0,,,,,,,
TF_44_0027.c3d,Event1,311.0,379.0,319.0,376.0,104.0,102.0,68.0,57.0,36.0,45.0
TF_44_0027.c3d,Event2,365.0,431.0,370.0,428.0,101.0,102.0,66.0,58.0,35.0,44.0
TF_44_0027.c3d,Event3,415.0,480.0,421.0,478.0,104.0,102.0,65.0,57.0,39.0,45.0
TF_44_0027.c3d,Event4,466.0,533.0,472.0,532.0,99.0,102.0,67.0,60.0,32.0,42.0
TF_44_0027.c3d,Event5,519.0,581.0,523.0,579.0,94.0,99.0,62.0,56.0,32.0,43.0
TF_44_0027.c3d,Event10,771.0,842.0,775.0,839.0,106.0,106.0,71.0,64.0,35.0,42.0
TF_44_0027.c3d,Event11,825.0,891.0,829.0,888.0,101.0,103.0,66.0,59.0,35.0,44.0
TF_44_0027.c3d,Event12,877.0,942.0,881.0,941.0,103.0,103.0,65.0,60.0,38.0,43.0
TF_44_0027.c3d,Event13,926.0,994.0,932.0,992.0,106.0,106.0,68.0,60.0,38.0,46.0
TF_44_0027.c3d,Event14,980.0,,984.0,,,,,,,
TF_44_0027.c3d,Event15,1032.0,,1038.0,,,,,,,
TF_45_0037.c3d,Event1,287.0,354.0,292.0,354.0,107.0,108.0,67.0,62.0,40.0,46.0
TF_45_0037.c3d,Event2,342.0,406.0,346.0,407.0,107.0,107.0,64.0,61.0,43.0,46.0
TF_45_0037.c3d,Event3,394.0,459.0,400.0,455.0,106.0,107.0,65.0,55.0,41.0,52.0
TF_45_0037.c3d,Event7,617.0,687.0,622.0,686.0,108.0,108.0,70.0,64.0,38.0,44.0
TF_45_0037.c3d,Event8,674.0,739.0,676.0,739.0,106.0,108.0,65.0,63.0,41.0,45.0
TF_45_0037.c3d,Event9,725.0,793.0,730.0,792.0,,,68.0,62.0,,
TF_45_0037.c3d,Event10,780.0,,784.0,,,,,,,
TF_45_0038.c3d,Event1,256.0,321.0,259.0,320.0,104.0,106.0,65.0,61.0,39.0,45.0
TF_45_0038.c3d,Event2,307.0,371.0,312.0,371.0,102.0,105.0,64.0,59.0,38.0,46.0
TF_45_0038.c3d,Event7,568.0,643.0,576.0,641.0,112.0,109.0,75.0,65.0,37.0,44.0
TF_45_0038.c3d,Event8,631.0,695.0,631.0,695.0,106.0,108.0,64.0,64.0,42.0,44.0
TF_45_0038.c3d,Event9,680.0,748.0,685.0,747.0,,,68.0,62.0,,
TF_45_0038.c3d,Event10,737.0,,739.0,,,,,,,
TF_45_0039.c3d,Event1,238.0,303.0,241.0,301.0,104.0,106.0,65.0,60.0,39.0,46.0
TF_45_0039.c3d,Event2,291.0,355.0,294.0,354.0,104.0,108.0,64.0,60.0,40.0,48.0
TF_45_0039.c3d,Event7,543.0,616.0,550.0,612.0,109.0,106.0,73.0,62.0,36.0,44.0
TF_45_0039.c3d,Event8,602.0,667.0,603.0,665.0,106.0,106.0,65.0,62.0,41.0,44.0
TF_45_0039.c3d,Event9,652.0,720.0,656.0,719.0,,,68.0,63.0,,
TF_45_0039.c3d,Event10,708.0,,709.0,,,,,,,
TF_49_0037.c3d,Event1,224.0,273.0,222.0,276.0,83.0,87.0,49.0,54.0,34.0,33.0
TF_49_0037.c3d,Event6,439.0,495.0,438.0,497.0,89.0,90.0,56.0,59.0,33.0,31.0
TF_49_0037.c3d,Event7,484.0,535.0,483.0,542.0,86.0,90.0,51.0,59.0,35.0,31.0
TF_49_0037.c3d,Event8,528.0,577.0,528.0,578.0,,,49.0,50.0,,
TF_49_0037.c3d,Event9,570.0,,573.0,,,,,,,
TF_49_0038.c3d,Event1,215.0,263.0,221.0,276.0,81.0,88.0,48.0,55.0,33.0,33.0
TF_49_0038.c3d,Event2,257.0,302.0,265.0,319.0,87.0,86.0,45.0,54.0,42.0,32.0
TF_49_0038.c3d,Event3,296.0,344.0,309.0,,91.0,84.0,48.0,,43.0,
TF_49_0038.c3d,Event6,427.0,483.0,435.0,494.0,87.0,88.0,56.0,59.0,31.0,29.0
TF_49_0038.c3d,Event7,473.0,522.0,479.0,538.0,81.0,88.0,49.0,59.0,32.0,29.0
TF_49_0038.c3d,Event8,514.0,559.0,523.0,571.0,,,45.0,48.0,,
TF_49_0038.c3d,Event9,554.0,,567.0,,,,,,,
TF_49_0039.c3d,Event1,192.0,239.0,187.0,239.0,79.0,85.0,47.0,52.0,32.0,33.0
TF_49_0039.c3d,Event2,234.0,277.0,229.0,283.0,75.0,85.0,43.0,54.0,32.0,31.0
TF_49_0039.c3d,Event3,271.0,319.0,272.0,343.0,83.0,84.0,48.0,71.0,35.0,13.0
TF_49_0039.c3d,Event7,443.0,489.0,437.0,494.0,78.0,85.0,46.0,57.0,32.0,28.0
TF_49_0039.c3d,Event8,480.0,527.0,480.0,526.0,,,47.0,46.0,,
TF_49_0039.c3d,Event9,521.0,,522.0,,,,,,,
TF_50_0024.c3d,Event1,240.0,301.0,242.0,304.0,99.0,99.0,61.0,62.0,38.0,37.0
TF_50_0024.c3d,Event2,289.0,347.0,292.0,345.0,93.0,97.0,58.0,53.0,35.0,44.0
TF_50_0024.c3d,Event3,339.0,392.0,341.0,398.0,89.0,95.0,53.0,57.0,36.0,38.0
TF_50_0024.c3d,Event6,479.0,540.0,483.0,537.0,99.0,97.0,61.0,54.0,38.0,43.0
TF_50_0024.c3d,Event7,529.0,589.0,531.0,593.0,99.0,100.0,60.0,62.0,39.0,38.0
TF_50_0024.c3d,Event8,578.0,,580.0,,,,,,,
TF_50_0024.c3d,Event9,628.0,,631.0,,,,,,,
TF_50_0025.c3d,Event1,248.0,309.0,249.0,314.0,97.0,100.0,61.0,65.0,36.0,35.0
TF_50_0025.c3d,Event2,296.0,355.0,299.0,354.0,96.0,99.0,59.0,55.0,37.0,44.0
TF_50_0025.c3d,Event3,345.0,404.0,349.0,411.0,94.0,96.0,59.0,62.0,35.0,34.0
TF_50_0025.c3d,Event6,490.0,552.0,492.0,548.0,101.0,101.0,62.0,56.0,39.0,45.0
TF_50_0025.c3d,Event7,539.0,602.0,542.0,620.0,106.0,104.0,63.0,78.0,43.0,26.0
TF_50_0025.c3d,Event8,591.0,,593.0,,,,,,,
TF_50_0025.c3d,Event9,645.0,,646.0,,,,,,,
TF_50_0026.c3d,Event1,263.0,323.0,265.0,326.0,98.0,101.0,60.0,61.0,38.0,40.0
TF_50_0026.c3d,Event2,311.0,373.0,316.0,372.0,96.0,100.0,62.0,56.0,34.0,44.0
TF_50_0026.c3d,Event3,361.0,421.0,366.0,427.0,99.0,99.0,60.0,61.0,39.0,38.0
TF_50_0026.c3d,Event6,507.0,572.0,513.0,571.0,104.0,100.0,65.0,58.0,39.0,42.0
TF_50_0026.c3d,Event7,559.0,623.0,563.0,626.0,106.0,103.0,64.0,63.0,42.0,40.0
TF_50_0026.c3d,Event8,611.0,,613.0,,,,,,,
TF_50_0026.c3d,Event9,665.0,,666.0,,,,,,,
TF_51_0034.c3d,Event1,265.0,321.0,266.0,326.0,95.0,103.0,56.0,60.0,39.0,43.0
TF_51_0034.c3d,Event2,314.0,372.0,318.0,399.0,94.0,100.0,58.0,81.0,36.0,19.0
TF_51_0034.c3d,Event6,517.0,580.0,518.0,582.0,106.0,106.0,63.0,64.0,43.0,42.0
TF_51_0034.c3d,Event7,568.0,634.0,571.0,635.0,,,66.0,64.0,,
TF_51_0034.c3d,Event8,623.0,,624.0,,,,,,,
TF_51_0035.c3d,Event1,246.0,308.0,249.0,313.0,101.0,106.0,62.0,64.0,39.0,42.0
TF_51_0035.c3d,Event2,299.0,359.0,302.0,357.0,96.0,103.0,60.0,55.0,36.0,48.0
TF_51_0035.c3d,Event7,551.0,616.0,556.0,618.0,,,65.0,62.0,,
TF_51_0035.c3d,Event8,606.0,,611.0,,,,,,,
TF_52_0023.c3d,Event1,206.0,255.0,207.0,255.0,83.0,88.0,49.0,48.0,34.0,40.0
TF_52_0023.c3d,Event2,249.0,296.0,251.0,318.0,81.0,88.0,47.0,67.0,34.0,21.0
TF_52_0023.c3d,Event6,425.0,476.0,425.0,473.0,,,51.0,48.0,,
TF_52_0023.c3d,Event7,463.0,,469.0,,,,,,,
TF_52_0024.c3d,Event1,206.0,253.0,208.0,255.0,78.0,85.0,47.0,47.0,31.0,38.0
TF_52_0024.c3d,Event2,248.0,293.0,251.0,309.0,79.0,84.0,45.0,58.0,34.0,26.0
TF_52_0024.c3d,Event5,377.0,430.0,377.0,429.0,88.0,89.0,53.0,52.0,35.0,37.0
TF_52_0024.c3d,Event6,421.0,472.0,421.0,,,,51.0,,,
TF_52_0024.c3d,Event7,465.0,,466.0,,,,,,,
TF_52_0025.c3d,Event1,197.0,240.0,198.0,243.0,77.0,81.0,43.0,45.0,34.0,36.0
TF_52_0025.c3d,Event6,402.0,450.0,401.0,447.0,,,48.0,46.0,,
TF_52_0025.c3d,Event7,442.0,,443.0,,,,,,,
TF_52_0026.c3d,Event1,189.0,232.0,191.0,,78.0,83.0,43.0,,35.0,
TF_52_0026.c3d,Event2,226.0,276.0,232.0,273.0,79.0,83.0,50.0,41.0,29.0,42.0
TF_52_0026.c3d,Event6,396.0,446.0,396.0,453.0,,,50.0,57.0,,
TF_52_0026.c3d,Event7,439.0,,438.0,,,,,,,
TF_53_0033.c3d,Event1,255.0,315.0,259.0,321.0,98.0,101.0,60.0,62.0,38.0,39.0
TF_53_0033.c3d,Event2,304.0,362.0,309.0,369.0,93.0,101.0,58.0,60.0,35.0,41.0
TF_53_0033.c3d,Event3,353.0,406.0,360.0,,91.0,92.0,53.0,,38.0,
TF_53_0033.c3d,Event6,490.0,551.0,498.0,557.0,97.0,99.0,61.0,59.0,36.0,40.0
TF_53_0033.c3d,Event7,540.0,600.0,547.0,605.0,,,60.0,58.0,,
TF_53_0033.c3d,Event8,587.0,,597.0,,,,,,,
TF_53_0034.c3d,Event1,214.0,270.0,216.0,270.0,90.0,93.0,56.0,54.0,34.0,39.0
TF_53_0034.c3d,Event6,445.0,507.0,446.0,506.0,,,62.0,60.0,,
TF_53_0034.c3d,Event7,497.0,,496.0,,,,,,,
TF_53_0035.c3d,Event1,228.0,288.0,234.0,307.0,97.0,102.0,60.0,73.0,37.0,29.0
TF_53_0035.c3d,Event2,278.0,336.0,285.0,360.0,92.0,100.0,58.0,75.0,34.0,25.0
TF_53_0035.c3d,Event3,325.0,379.0,336.0,394.0,94.0,93.0,54.0,58.0,40.0,35.0
TF_53_0035.c3d,Event6,468.0,533.0,477.0,536.0,103.0,101.0,65.0,59.0,38.0,42.0
TF_53_0035.c3d,Event7,520.0,583.0,527.0,,,,63.0,,,
TF_53_0035.c3d,Event8,571.0,,578.0,,,,,,,
TF_54_0025.c3d,Event1,279.0,327.0,281.0,327.0,81.0,84.0,48.0,46.0,33.0,38.0
TF_54_0025.c3d,Event2,321.0,366.0,323.0,368.0,74.0,83.0,45.0,45.0,29.0,38.0
TF_54_0025.c3d,Event3,360.0,401.0,365.0,,71.0,81.0,41.0,,30.0,
TF_54_0025.c3d,Event7,534.0,586.0,535.0,586.0,87.0,90.0,52.0,51.0,35.0,39.0
TF_54_0025.c3d,Event8,576.0,632.0,580.0,630.0,89.0,89.0,56.0,50.0,33.0,39.0
TF_54_0025.c3d,Event9,621.0,674.0,625.0,674.0,86.0,88.0,53.0,49.0,33.0,39.0
TF_54_0025.c3d,Event10,665.0,718.0,669.0,717.0,,,53.0,48.0,,
TF_54_0025.c3d,Event11,707.0,,713.0,,,,,,,
TF_54_0026.c3d,Event1,292.0,343.0,297.0,345.0,85.0,86.0,51.0,48.0,34.0,38.0
TF_54_0026.c3d,Event2,336.0,385.0,341.0,386.0,81.0,84.0,49.0,45.0,32.0,39.0
TF_54_0026.c3d,Event3,377.0,425.0,383.0,,80.0,85.0,48.0,,32.0,
TF_54_0026.c3d,Event4,417.0,471.0,425.0,477.0,87.0,87.0,54.0,52.0,33.0,35.0
TF_54_0026.c3d,Event8,596.0,654.0,599.0,651.0,91.0,93.0,58.0,52.0,33.0,41.0
TF_54_0026.c3d,Event9,643.0,699.0,645.0,697.0,89.0,91.0,56.0,52.0,33.0,39.0
TF_54_0026.c3d,Event10,687.0,741.0,692.0,741.0,88.0,88.0,54.0,49.0,34.0,39.0
TF_54_0026.c3d,Event11,732.0,786.0,736.0,784.0,,,54.0,48.0,,
TF_54_0026.c3d,Event12,775.0,,780.0,,,,,,,
TF_54_0027.c3d,Event1,206.0,251.0,207.0,251.0,75.0,83.0,45.0,44.0,30.0,39.0
TF_54_0027.c3d,Event2,243.0,289.0,248.0,312.0,77.0,83.0,46.0,64.0,31.0,19.0
TF_54_0027.c3d,Event3,281.0,329.0,290.0,,79.0,83.0,48.0,,31.0,
TF_54_0027.c3d,Event9,551.0,606.0,552.0,604.0,86.0,90.0,55.0,52.0,31.0,38.0
TF_54_0027.c3d,Event10,596.0,648.0,599.0,645.0,85.0,87.0,52.0,46.0,33.0,41.0
TF_54_0027.c3d,Event11,637.0,691.0,642.0,689.0,,,54.0,47.0,,
TF_54_0027.c3d,Event12,681.0,,686.0,,,,,,,
TF_55_0031.c3d,Event1,247.0,308.0,249.0,308.0,93.0,93.0,61.0,59.0,32.0,34.0
TF_55_0031.c3d,Event2,295.0,353.0,296.0,353.0,90.0,92.0,58.0,57.0,32.0,35.0
TF_55_0031.c3d,Event3,340.0,397.0,342.0,399.0,87.0,91.0,57.0,57.0,30.0,34.0
TF_55_0031.c3d,Event4,385.0,441.0,388.0,441.0,85.0,91.0,56.0,53.0,29.0,38.0
TF_55_0031.c3d,Event5,427.0,485.0,433.0,487.0,85.0,94.0,58.0,54.0,27.0,40.0
TF_55_0031.c3d,Event10,647.0,706.0,644.0,706.0,92.0,97.0,59.0,62.0,33.0,35.0
TF_55_0031.c3d,Event11,691.0,751.0,692.0,750.0,93.0,98.0,60.0,58.0,33.0,40.0
TF_55_0031.c3d,Event12,739.0,798.0,741.0,799.0,91.0,98.0,59.0,58.0,32.0,40.0
TF_55_0031.c3d,Event13,784.0,843.0,790.0,844.0,90.0,97.0,59.0,54.0,31.0,43.0
TF_55_0031.c3d,Event14,830.0,887.0,839.0,889.0,,,57.0,50.0,,
TF_55_0031.c3d,Event15,874.0,,887.0,,,,,,,
TF_55_0032.c3d,Event1,273.0,334.0,273.0,335.0,95.0,98.0,61.0,62.0,34.0,36.0
TF_55_0032.c3d,Event2,319.0,383.0,323.0,382.0,96.0,96.0,64.0,59.0,32.0,37.0
TF_55_0032.c3d,Event3,368.0,429.0,371.0,431.0,93.0,94.0,61.0,60.0,32.0,34.0
TF_55_0032.c3d,Event4,415.0,474.0,419.0,488.0,88.0,93.0,59.0,69.0,29.0,24.0
TF_55_0032.c3d,Event5,461.0,517.0,465.0,536.0,89.0,93.0,56.0,71.0,33.0,22.0
TF_55_0032.c3d,Event6,503.0,559.0,512.0,560.0,88.0,87.0,56.0,48.0,32.0,39.0
TF_55_0032.c3d,Event10,686.0,748.0,683.0,749.0,99.0,101.0,62.0,66.0,37.0,35.0
TF_55_0032.c3d,Event11,733.0,799.0,734.0,800.0,100.0,100.0,66.0,66.0,34.0,34.0
TF_55_0032.c3d,Event12,785.0,846.0,784.0,846.0,91.0,98.0,61.0,62.0,30.0,36.0
TF_55_0032.c3d,Event13,833.0,892.0,834.0,894.0,90.0,96.0,59.0,60.0,31.0,36.0
TF_55_0032.c3d,Event14,876.0,937.0,882.0,938.0,,,61.0,56.0,,
TF_55_0032.c3d,Event15,923.0,,930.0,,,,,,,
TF_55_0033.c3d,Event1,281.0,343.0,281.0,347.0,99.0,99.0,62.0,66.0,37.0,33.0
TF_55_0033.c3d,Event2,327.0,389.0,332.0,394.0,94.0,96.0,62.0,62.0,32.0,34.0
TF_55_0033.c3d,Event3,380.0,438.0,380.0,440.0,94.0,94.0,58.0,60.0,36.0,34.0
TF_55_0033.c3d,Event4,421.0,482.0,428.0,482.0,91.0,91.0,61.0,54.0,30.0,37.0
TF_55_0033.c3d,Event5,474.0,526.0,474.0,533.0,86.0,90.0,52.0,59.0,34.0,31.0
TF_55_0033.c3d,Event6,512.0,573.0,519.0,573.0,93.0,90.0,61.0,54.0,32.0,36.0
TF_55_0033.c3d,Event11,741.0,804.0,741.0,807.0,99.0,100.0,63.0,66.0,36.0,34.0
TF_55_0033.c3d,Event12,790.0,853.0,790.0,853.0,96.0,101.0,63.0,63.0,33.0,38.0
TF_55_0033.c3d,Event13,840.0,904.0,841.0,906.0,100.0,98.0,64.0,65.0,36.0,33.0
TF_55_0033.c3d,Event14,886.0,953.0,891.0,955.0,100.0,96.0,67.0,64.0,33.0,32.0
TF_55_0033.c3d,Event15,940.0,1002.0,939.0,1005.0,92.0,94.0,62.0,66.0,30.0,28.0
TF_55_0033.c3d,Event16,986.0,1046.0,987.0,,,,60.0,,,
TF_55_0033.c3d,Event17,1032.0,,1033.0,,,,,,,
TF_56_0028.c3d,Event1,250.0,308.0,248.0,307.0,100.0,108.0,58.0,59.0,42.0,49.0
TF_56_0028.c3d,Event5,457.0,515.0,455.0,513.0,,,58.0,58.0,,
TF_56_0028.c3d,Event6,507.0,,507.0,,,,,,,
TF_56_0029.c3d,Event1,264.0,321.0,260.0,340.0,94.0,108.0,57.0,80.0,37.0,28.0
TF_56_0029.c3d,Event2,312.0,364.0,314.0,,103.0,107.0,52.0,,51.0,
TF_56_0029.c3d,Event5,472.0,533.0,470.0,533.0,,,61.0,63.0,,
TF_56_0029.c3d,Event6,524.0,,522.0,,,,,,,
TF_56_0030.c3d,Event1,265.0,324.0,265.0,330.0,96.0,105.0,59.0,65.0,37.0,40.0
TF_56_0030.c3d,Event5,478.0,542.0,476.0,541.0,,,64.0,65.0,,
TF_56_0030.c3d,Event6,534.0,,530.0,,,,,,,
TF_57_0023.c3d,Event1,222.0,266.0,224.0,274.0,78.0,82.0,44.0,50.0,34.0,32.0
TF_57_0023.c3d,Event2,260.0,307.0,265.0,327.0,77.0,81.0,47.0,62.0,30.0,19.0
TF_57_0023.c3d,Event7,463.0,515.0,466.0,515.0,85.0,82.0,52.0,49.0,33.0,33.0
TF_57_0023.c3d,Event8,505.0,,508.0,,,,,,,
TF_57_0023.c3d,Event9,548.0,,548.0,,,,,,,
TF_57_0024.c3d,Event1,191.0,238.0,192.0,249.0,79.0,84.0,47.0,57.0,32.0,27.0
TF_57_0024.c3d,Event2,232.0,278.0,234.0,286.0,79.0,83.0,46.0,52.0,33.0,31.0
TF_57_0024.c3d,Event7,428.0,479.0,430.0,479.0,83.0,82.0,51.0,49.0,32.0,33.0
TF_57_0024.c3d,Event8,470.0,521.0,471.0,521.0,,,51.0,50.0,,
TF_57_0024.c3d,Event9,511.0,,512.0,,,,,,,
TF_57_0025.c3d,Event1,191.0,240.0,189.0,241.0,80.0,85.0,49.0,52.0,31.0,33.0
TF_57_0025.c3d,Event2,232.0,280.0,231.0,289.0,83.0,85.0,48.0,58.0,35.0,27.0
TF_57_0025.c3d,Event3,271.0,317.0,274.0,340.0,77.0,83.0,46.0,66.0,31.0,17.0
TF_57_0025.c3d,Event7,432.0,484.0,431.0,485.0,85.0,85.0,52.0,54.0,33.0,31.0
TF_57_0025.c3d,Event8,476.0,525.0,473.0,527.0,81.0,88.0,49.0,54.0,32.0,34.0
TF_57_0025.c3d,Event9,517.0,566.0,516.0,565.0,,,49.0,49.0,,
TF_57_0025.c3d,Event10,557.0,,561.0,,,,,,,
TF_58_0024.c3d,Event1,254.0,305.0,258.0,328.0,88.0,98.0,51.0,70.0,37.0,28.0
TF_58_0024.c3d,Event2,300.0,350.0,308.0,358.0,94.0,95.0,50.0,50.0,44.0,45.0
TF_58_0024.c3d,Event6,487.0,543.0,485.0,543.0,93.0,,56.0,58.0,37.0,
TF_58_0024.c3d,Event7,536.0,,538.0,,,,,,,
TF_58_0024.c3d,Event8,580.0,,,,,,,,,
TF_58_0025.c3d,Event1,231.0,286.0,236.0,290.0,97.0,99.0,55.0,54.0,42.0,45.0
TF_58_0025.c3d,Event6,485.0,541.0,485.0,541.0,,,56.0,56.0,,
TF_58_0025.c3d,Event7,532.0,,537.0,,,,,,,
TF_58_0026.c3d,Event1,234.0,292.0,238.0,293.0,98.0,100.0,58.0,55.0,40.0,45.0
TF_58_0026.c3d,Event2,284.0,340.0,288.0,367.0,96.0,100.0,56.0,79.0,40.0,21.0
TF_58_0026.c3d,Event3,332.0,391.0,338.0,391.0,104.0,100.0,59.0,53.0,45.0,47.0
TF_58_0026.c3d,Event6,488.0,547.0,487.0,544.0,,,59.0,57.0,,
TF_58_0026.c3d,Event7,539.0,,537.0,,,,,,,
TF_59_0037.c3d,Event1,230.0,287.0,236.0,316.0,96.0,94.0,57.0,80.0,39.0,14.0
TF_59_0037.c3d,Event6,474.0,533.0,476.0,537.0,,,59.0,61.0,,
TF_59_0037.c3d,Event7,522.0,,523.0,,,,,,,
TF_59_0038.c3d,Event1,227.0,281.0,233.0,,92.0,95.0,54.0,,38.0,
TF_59_0038.c3d,Event5,423.0,480.0,428.0,480.0,97.0,100.0,57.0,52.0,40.0,48.0
TF_59_0038.c3d,Event6,471.0,,477.0,,,,,,,
TF_59_0038.c3d,Event7,520.0,,528.0,,,,,,,
TF_59_0039.c3d,Event1,234.0,289.0,238.0,287.0,93.0,97.0,55.0,49.0,38.0,48.0
TF_59_0039.c3d,Event6,472.0,531.0,476.0,533.0,,,59.0,57.0,,
TF_59_0039.c3d,Event7,520.0,,525.0,,,,,,,
TF_60_0026.c3d,Event1,270.0,336.0,269.0,334.0,108.0,112.0,66.0,65.0,42.0,47.0
TF_60_0026.c3d,Event2,325.0,388.0,325.0,390.0,105.0,111.0,63.0,65.0,42.0,46.0
TF_60_0026.c3d,Event3,378.0,441.0,381.0,,107.0,106.0,63.0,,44.0,
TF_60_0026.c3d,Event7,594.0,661.0,593.0,658.0,115.0,119.0,67.0,65.0,48.0,54.0
TF_60_0026.c3d,Event8,652.0,722.0,651.0,718.0,,,70.0,67.0,,
TF_60_0026.c3d,Event9,709.0,,712.0,,,,,,,
TF_60_0027.c3d,Event1,262.0,324.0,263.0,324.0,103.0,110.0,62.0,61.0,41.0,49.0
TF_60_0027.c3d,Event2,314.0,373.0,318.0,377.0,100.0,109.0,59.0,59.0,41.0,50.0
TF_60_0027.c3d,Event6,527.0,599.0,531.0,598.0,118.0,116.0,72.0,67.0,46.0,49.0
TF_60_0027.c3d,Event7,586.0,657.0,588.0,656.0,117.0,120.0,71.0,68.0,46.0,52.0
TF_60_0027.c3d,Event8,645.0,716.0,647.0,716.0,,,71.0,69.0,,
TF_60_0027.c3d,Event9,703.0,,708.0,,,,,,,
TF_60_0028.c3d,Event1,255.0,315.0,255.0,312.0,103.0,108.0,60.0,57.0,43.0,51.0
TF_60_0028.c3d,Event2,306.0,369.0,308.0,369.0,104.0,110.0,63.0,61.0,41.0,49.0
TF_60_0028.c3d,Event6,515.0,582.0,517.0,580.0,110.0,108.0,67.0,63.0,43.0,45.0
TF_60_0028.c3d,Event7,569.0,636.0,570.0,633.0,112.0,109.0,67.0,63.0,45.0,46.0
TF_60_0028.c3d,Event8,625.0,,625.0,,,,,,,
TF_60_0028.c3d,Event9,681.0,,679.0,,,,,,,
TF_61_0026.c3d,Event1,254.0,316.0,256.0,313.0,102.0,105.0,62.0,57.0,40.0,48.0
TF_61_0026.c3d,Event6,491.0,572.0,505.0,566.0,110.0,110.0,81.0,61.0,29.0,49.0
TF_61_0026.c3d,Event7,557.0,625.0,559.0,619.0,105.0,106.0,68.0,60.0,37.0,46.0
TF_61_0026.c3d,Event8,601.0,,615.0,,,,,,,
TF_61_0026.c3d,Event9,662.0,,665.0,,,,,,,
TF_61_0027.c3d,Event1,246.0,309.0,250.0,306.0,99.0,101.0,63.0,56.0,36.0,45.0
TF_61_0027.c3d,Event7,542.0,603.0,547.0,605.0,,,61.0,58.0,,
TF_61_0027.c3d,Event8,590.0,,595.0,,,,,,,
TF_61_0028.c3d,Event1,266.0,324.0,268.0,323.0,97.0,99.0,58.0,55.0,39.0,44.0
TF_61_0028.c3d,Event7,553.0,610.0,556.0,611.0,92.0,92.0,57.0,55.0,35.0,37.0
TF_61_0028.c3d,Event8,594.0,656.0,603.0,655.0,,,62.0,52.0,,
TF_61_0028.c3d,Event9,645.0,,648.0,,,,,,,
TF_62_0021.c3d,Event1,240.0,293.0,243.0,294.0,88.0,91.0,53.0,51.0,35.0,40.0
TF_62_0021.c3d,Event2,284.0,336.0,289.0,340.0,85.0,89.0,52.0,51.0,33.0,38.0
TF_62_0021.c3d,Event3,328.0,377.0,334.0,405.0,84.0,89.0,49.0,71.0,35.0,18.0
TF_62_0021.c3d,Event7,515.0,572.0,518.0,572.0,90.0,93.0,57.0,54.0,33.0,39.0
TF_62_0021.c3d,Event8,563.0,618.0,565.0,620.0,95.0,94.0,55.0,55.0,40.0,39.0
TF_62_0021.c3d,Event9,605.0,,611.0,,,,,,,
TF_62_0021.c3d,Event10,658.0,,659.0,,,,,,,
TF_62_0022.c3d,Event1,243.0,295.0,246.0,297.0,86.0,90.0,52.0,51.0,34.0,39.0
TF_62_0022.c3d,Event2,290.0,337.0,291.0,340.0,84.0,89.0,47.0,49.0,37.0,40.0
TF_62_0022.c3d,Event3,329.0,381.0,336.0,406.0,86.0,87.0,52.0,70.0,34.0,17.0
TF_62_0022.c3d,Event7,518.0,571.0,518.0,572.0,87.0,92.0,53.0,54.0,34.0,38.0
TF_62_0022.c3d,Event8,561.0,616.0,565.0,616.0,93.0,94.0,55.0,51.0,38.0,43.0
TF_62_0022.c3d,Event9,605.0,,610.0,,,,,,,
TF_62_0022.c3d,Event10,654.0,,659.0,,,,,,,
TF_62_0023.c3d,Event1,230.0,281.0,231.0,280.0,83.0,88.0,51.0,49.0,32.0,39.0
TF_62_0023.c3d,Event2,275.0,319.0,275.0,322.0,79.0,88.0,44.0,47.0,35.0,41.0
TF_62_0023.c3d,Event3,313.0,360.0,319.0,388.0,89.0,88.0,47.0,69.0,42.0,19.0
TF_62_0023.c3d,Event7,499.0,555.0,503.0,555.0,90.0,91.0,56.0,52.0,34.0,39.0
TF_62_0023.c3d,Event8,546.0,599.0,549.0,598.0,,,53.0,49.0,,
TF_62_0023.c3d,Event9,589.0,,594.0,,,,,,,
TF_63_0029.c3d,Event1,207.0,251.0,211.0,253.0,80.0,83.0,44.0,42.0,36.0,41.0
TF_63_0029.c3d,Event2,246.0,295.0,252.0,307.0,81.0,84.0,49.0,55.0,32.0,29.0
TF_63_0029.c3d,Event6,410.0,457.0,414.0,458.0,80.0,,47.0,44.0,33.0,
TF_63_0029.c3d,Event7,450.0,,455.0,,,,,,,
TF_63_0029.c3d,Event8,490.0,,,,,,,,,
TF_63_0030.c3d,Event6,425.0,469.0,429.0,472.0,75.0,,44.0,43.0,31.0,
TF_63_0030.c3d,Event7,464.0,,469.0,,,,,,,
TF_63_0030.c3d,Event8,500.0,,,,,,,,,
TF_63_0031.c3d,Event1,215.0,257.0,218.0,,76.0,78.0,42.0,,34.0,
TF_63_0031.c3d,Event2,252.0,295.0,257.0,300.0,74.0,77.0,43.0,43.0,31.0,34.0
TF_63_0031.c3d,Event6,402.0,448.0,407.0,449.0,78.0,80.0,46.0,42.0,32.0,38.0
TF_63_0031.c3d,Event7,442.0,485.0,446.0,,,,43.0,,,
TF_63_0031.c3d,Event8,480.0,,487.0,,,,,,,
TF_64_0037.c3d,Event1,247.0,301.0,247.0,302.0,85.0,87.0,54.0,55.0,31.0,32.0
TF_64_0037.c3d,Event2,292.0,340.0,291.0,345.0,80.0,86.0,48.0,54.0,32.0,32.0
TF_64_0037.c3d,Event3,332.0,380.0,334.0,378.0,78.0,83.0,48.0,44.0,30.0,39.0
TF_64_0037.c3d,Event8,544.0,596.0,544.0,598.0,88.0,88.0,52.0,54.0,36.0,34.0
TF_64_0037.c3d,Event9,587.0,,589.0,,,,,,,
TF_64_0037.c3d,Event10,632.0,,632.0,,,,,,,
TF_64_0038.c3d,Event1,234.0,284.0,234.0,284.0,79.0,85.0,50.0,50.0,29.0,35.0
TF_64_0038.c3d,Event2,276.0,321.0,277.0,330.0,80.0,85.0,45.0,53.0,35.0,32.0
TF_64_0038.c3d,Event3,313.0,361.0,319.0,,82.0,84.0,48.0,,34.0,
TF_64_0038.c3d,Event7,479.0,530.0,478.0,528.0,85.0,88.0,51.0,50.0,34.0,38.0
TF_64_0038.c3d,Event8,519.0,571.0,522.0,576.0,87.0,86.0,52.0,54.0,35.0,32.0
TF_64_0038.c3d,Event9,564.0,,566.0,,,,,,,
TF_64_0038.c3d,Event10,606.0,,608.0,,,,,,,
TF_64_0039.c3d,Event1,237.0,287.0,238.0,285.0,83.0,86.0,50.0,47.0,33.0,39.0
TF_64_0039.c3d,Event2,278.0,327.0,281.0,337.0,80.0,86.0,49.0,56.0,31.0,30.0
TF_64_0039.c3d,Event7,481.0,535.0,481.0,535.0,87.0,88.0,54.0,54.0,33.0,34.0
TF_64_0039.c3d,Event8,525.0,577.0,524.0,583.0,87.0,91.0,52.0,59.0,35.0,32.0
TF_64_0039.c3d,Event9,568.0,621.0,569.0,619.0,,,53.0,50.0,,
TF_64_0039.c3d,Event10,612.0,,615.0,,,,,,,
TF_64_0040.c3d,Event1,225.0,274.0,224.0,273.0,82.0,86.0,49.0,49.0,33.0,37.0
TF_64_0040.c3d,Event2,267.0,313.0,267.0,314.0,78.0,86.0,46.0,47.0,32.0,39.0
TF_64_0040.c3d,Event3,307.0,354.0,310.0,381.0,79.0,81.0,47.0,71.0,32.0,10.0
TF_64_0040.c3d,Event7,473.0,525.0,471.0,524.0,83.0,88.0,52.0,53.0,31.0,35.0
TF_64_0040.c3d,Event8,515.0,565.0,515.0,565.0,,,50.0,50.0,,
TF_64_0040.c3d,Event9,556.0,,559.0,,,,,,,
TF_65_0028.c3d,Event1,212.0,257.0,207.0,261.0,76.0,85.0,45.0,54.0,31.0,31.0
TF_65_0028.c3d,Event2,250.0,294.0,250.0,297.0,75.0,84.0,44.0,47.0,31.0,37.0
TF_65_0028.c3d,Event6,404.0,450.0,391.0,450.0,75.0,85.0,46.0,59.0,29.0,26.0
TF_65_0028.c3d,Event7,440.0,486.0,434.0,489.0,77.0,85.0,46.0,55.0,31.0,30.0
TF_65_0028.c3d,Event8,479.0,,476.0,,,,,,,
TF_65_0028.c3d,Event9,517.0,,519.0,,,,,,,
TF_65_0029.c3d,Event1,190.0,231.0,,236.0,73.0,,41.0,,32.0,
TF_65_0029.c3d,Event7,406.0,452.0,397.0,455.0,76.0,86.0,46.0,58.0,30.0,28.0
TF_65_0029.c3d,Event8,444.0,491.0,440.0,493.0,75.0,83.0,47.0,53.0,28.0,30.0
TF_65_0029.c3d,Event9,482.0,,483.0,,,,,,,
TF_65_0029.c3d,Event10,519.0,,523.0,,,,,,,
TF_65_0030.c3d,Event1,184.0,225.0,,229.0,70.0,,41.0,,29.0,
TF_65_0030.c3d,Event2,218.0,259.0,216.0,260.0,68.0,81.0,41.0,44.0,27.0,37.0
TF_65_0030.c3d,Event3,254.0,291.0,258.0,305.0,60.0,,37.0,47.0,23.0,
TF_65_0030.c3d,Event7,387.0,432.0,376.0,433.0,74.0,84.0,45.0,57.0,29.0,27.0
TF_65_0030.c3d,Event8,424.0,468.0,418.0,470.0,72.0,81.0,44.0,52.0,28.0,29.0
TF_65_0030.c3d,Event9,461.0,,460.0,,,,,,,
TF_65_0030.c3d,Event10,496.0,,499.0,,,,,,,
TF_66_0026.c3d,Event1,381.0,470.0,390.0,461.0,124.0,120.0,89.0,71.0,35.0,49.0
TF_66_0026.c3d,Event2,447.0,526.0,451.0,523.0,118.0,118.0,79.0,72.0,39.0,46.0
TF_66_0026.c3d,Event3,505.0,585.0,510.0,584.0,119.0,121.0,80.0,74.0,39.0,47.0
TF_66_0026.c3d,Event4,565.0,650.0,569.0,650.0,121.0,124.0,85.0,81.0,36.0,43.0
TF_66_0026.c3d,Event5,624.0,713.0,631.0,715.0,125.0,123.0,89.0,84.0,36.0,39.0
TF_66_0026.c3d,Event10,943.0,1025.0,947.0,1029.0,118.0,120.0,82.0,82.0,36.0,38.0
TF_66_0026.c3d,Event11,1000.0,1084.0,1008.0,1072.0,124.0,120.0,84.0,64.0,40.0,56.0
TF_66_0026.c3d,Event12,1061.0,1152.0,1067.0,1166.0,198.0,192.0,91.0,99.0,107.0,93.0
TF_66_0026.c3d,Event13,1124.0,1217.0,1128.0,1218.0,,,93.0,90.0,,
TF_66_0026.c3d,Event14,1259.0,1288.0,1259.0,1260.0,,,29.0,1.0,,
TF_66_0027.c3d,Event1,401.0,491.0,407.0,488.0,130.0,124.0,90.0,81.0,40.0,43.0
TF_66_0027.c3d,Event2,464.0,553.0,468.0,549.0,126.0,124.0,89.0,81.0,37.0,43.0
TF_66_0027.c3d,Event3,531.0,611.0,531.0,611.0,115.0,119.0,80.0,80.0,35.0,39.0
TF_66_0027.c3d,Event4,590.0,669.0,592.0,666.0,118.0,118.0,79.0,74.0,39.0,44.0
TF_66_0027.c3d,Event5,646.0,730.0,650.0,728.0,119.0,122.0,84.0,78.0,35.0,44.0
TF_66_0027.c3d,Event6,708.0,791.0,710.0,789.0,124.0,124.0,83.0,79.0,41.0,45.0
TF_66_0027.c3d,Event7,765.0,853.0,772.0,855.0,138.0,124.0,88.0,83.0,50.0,41.0
TF_66_0027.c3d,Event12,1080.0,1172.0,1085.0,1194.0,130.0,128.0,92.0,109.0,38.0,19.0
TF_66_0027.c3d,Event13,1147.0,1234.0,1149.0,1242.0,130.0,128.0,87.0,93.0,43.0,35.0
TF_66_0027.c3d,Event14,1210.0,1302.0,1213.0,1300.0,133.0,132.0,92.0,87.0,41.0,45.0
TF_66_0027.c3d,Event15,1277.0,,1277.0,,,,,,,
TF_66_0027.c3d,Event16,1343.0,,1345.0,,,,,,,
TF_66_0028.c3d,Event1,370.0,452.0,375.0,479.0,121.0,116.0,82.0,104.0,39.0,12.0
TF_66_0028.c3d,Event2,432.0,511.0,433.0,513.0,115.0,117.0,79.0,80.0,36.0,37.0
TF_66_0028.c3d,Event3,491.0,567.0,491.0,563.0,113.0,117.0,76.0,72.0,37.0,45.0
TF_66_0028.c3d,Event4,547.0,627.0,550.0,624.0,117.0,117.0,80.0,74.0,37.0,43.0
TF_66_0028.c3d,Event5,604.0,684.0,608.0,682.0,119.0,119.0,80.0,74.0,39.0,45.0
TF_66_0028.c3d,Event6,664.0,746.0,667.0,751.0,120.0,121.0,82.0,84.0,38.0,37.0
TF_66_0028.c3d,Event10,915.0,1011.0,923.0,1008.0,133.0,127.0,96.0,85.0,37.0,42.0
TF_66_0028.c3d,Event11,986.0,1071.0,987.0,1084.0,127.0,127.0,85.0,97.0,42.0,30.0
TF_66_0028.c3d,Event12,1048.0,1136.0,1050.0,1132.0,124.0,127.0,88.0,82.0,36.0,45.0
TF_66_0028.c3d,Event13,1113.0,1196.0,1114.0,1220.0,125.0,124.0,83.0,106.0,42.0,18.0
TF_66_0028.c3d,Event14,1172.0,1264.0,1177.0,1263.0,132.0,127.0,92.0,86.0,40.0,41.0
TF_66_0028.c3d,Event15,1238.0,,1238.0,,,,,,,
TF_66_0028.c3d,Event16,1304.0,,1304.0,,,,,,,
TF_67_0028.c3d,Event1,276.0,345.0,278.0,341.0,105.0,108.0,69.0,63.0,36.0,45.0
TF_67_0028.c3d,Event2,330.0,397.0,333.0,394.0,104.0,105.0,67.0,61.0,37.0,44.0
TF_67_0028.c3d,Event3,381.0,449.0,386.0,447.0,104.0,104.0,68.0,61.0,36.0,43.0
TF_67_0028.c3d,Event4,434.0,501.0,438.0,504.0,105.0,106.0,67.0,66.0,38.0,40.0
TF_67_0028.c3d,Event10,742.0,812.0,746.0,808.0,104.0,103.0,70.0,62.0,34.0,41.0
TF_67_0028.c3d,Event11,793.0,861.0,797.0,858.0,104.0,105.0,68.0,61.0,36.0,44.0
TF_67_0028.c3d,Event12,846.0,913.0,849.0,912.0,105.0,103.0,67.0,63.0,38.0,40.0
TF_67_0028.c3d,Event13,897.0,,902.0,,,,,,,
TF_67_0028.c3d,Event14,951.0,,952.0,,,,,,,
TF_67_0029.c3d,Event1,265.0,334.0,269.0,327.0,105.0,104.0,69.0,58.0,36.0,46.0
TF_67_0029.c3d,Event2,317.0,385.0,321.0,383.0,101.0,101.0,68.0,62.0,33.0,39.0
TF_67_0029.c3d,Event3,370.0,431.0,373.0,426.0,96.0,99.0,61.0,53.0,35.0,46.0
TF_67_0029.c3d,Event4,418.0,484.0,422.0,484.0,103.0,103.0,66.0,62.0,37.0,41.0
TF_67_0029.c3d,Event10,716.0,780.0,721.0,775.0,101.0,97.0,64.0,54.0,37.0,43.0
TF_67_0029.c3d,Event11,762.0,832.0,768.0,826.0,109.0,103.0,70.0,58.0,39.0,45.0
TF_67_0029.c3d,Event12,817.0,887.0,818.0,883.0,109.0,102.0,70.0,65.0,39.0,37.0
TF_67_0029.c3d,Event13,871.0,,871.0,,,,,,,
TF_67_0029.c3d,Event14,926.0,,920.0,,,,,,,
TF_67_0030.c3d,Event1,234.0,295.0,237.0,295.0,99.0,100.0,61.0,58.0,38.0,42.0
TF_67_0030.c3d,Event2,282.0,346.0,287.0,346.0,100.0,100.0,64.0,59.0,36.0,41.0
TF_67_0030.c3d,Event3,333.0,394.0,337.0,393.0,100.0,100.0,61.0,56.0,39.0,44.0
TF_67_0030.c3d,Event4,382.0,444.0,387.0,447.0,98.0,99.0,62.0,60.0,36.0,39.0
TF_67_0030.c3d,Event9,635.0,698.0,637.0,696.0,100.0,100.0,63.0,59.0,37.0,41.0
TF_67_0030.c3d,Event10,685.0,749.0,688.0,746.0,97.0,100.0,64.0,58.0,33.0,42.0
TF_67_0030.c3d,Event11,735.0,799.0,737.0,795.0,100.0,102.0,64.0,58.0,36.0,44.0
TF_67_0030.c3d,Event12,782.0,,788.0,,,,,,,
TF_67_0030.c3d,Event13,835.0,,839.0,,,,,,,
TF_68_0025.c3d,Event1,314.0,374.0,316.0,374.0,95.0,100.0,60.0,58.0,35.0,42.0
TF_68_0025.c3d,Event2,362.0,423.0,366.0,423.0,98.0,100.0,61.0,57.0,37.0,43.0
TF_68_0025.c3d,Event7,615.0,683.0,615.0,678.0,106.0,108.0,68.0,63.0,38.0,45.0
TF_68_0025.c3d,Event8,667.0,733.0,669.0,732.0,108.0,102.0,66.0,63.0,42.0,39.0
TF_68_0025.c3d,Event9,721.0,,723.0,,,,,,,
TF_68_0025.c3d,Event10,775.0,,771.0,,,,,,,
TF_68_0026.c3d,Event1,259.0,323.0,264.0,322.0,102.0,104.0,64.0,58.0,38.0,46.0
TF_68_0026.c3d,Event2,311.0,376.0,316.0,375.0,104.0,104.0,65.0,59.0,39.0,45.0
TF_68_0026.c3d,Event7,565.0,628.0,565.0,625.0,101.0,106.0,63.0,60.0,38.0,46.0
TF_68_0026.c3d,Event8,614.0,677.0,617.0,676.0,102.0,,63.0,59.0,39.0,
TF_68_0026.c3d,Event9,666.0,,671.0,,,,,,,
TF_68_0026.c3d,Event10,716.0,,,,,,,,,
TF_68_0027.c3d,Event1,253.0,315.0,259.0,317.0,100.0,100.0,62.0,58.0,38.0,42.0
TF_68_0027.c3d,Event2,304.0,366.0,309.0,367.0,100.0,99.0,62.0,58.0,38.0,41.0
TF_68_0027.c3d,Event3,353.0,414.0,359.0,410.0,96.0,96.0,61.0,51.0,35.0,45.0
TF_68_0027.c3d,Event7,548.0,613.0,551.0,611.0,104.0,102.0,65.0,60.0,39.0,42.0
TF_68_0027.c3d,Event8,598.0,664.0,602.0,663.0,107.0,102.0,66.0,61.0,41.0,41.0
TF_68_0027.c3d,Event9,652.0,,653.0,,,,,,,
TF_68_0027.c3d,Event10,705.0,,704.0,,,,,,,
TF_69_0026.c3d,Event1,357.0,442.0,360.0,436.0,128.0,126.0,85.0,76.0,43.0,50.0
TF_69_0026.c3d,Event2,422.0,506.0,423.0,503.0,127.0,127.0,84.0,80.0,43.0,47.0
TF_69_0026.c3d,Event3,485.0,569.0,486.0,567.0,129.0,128.0,84.0,81.0,45.0,47.0
TF_69_0026.c3d,Event7,746.0,830.0,751.0,829.0,130.0,125.0,84.0,78.0,46.0,47.0
TF_69_0026.c3d,Event8,812.0,898.0,813.0,891.0,134.0,128.0,86.0,78.0,48.0,50.0
TF_69_0026.c3d,Event9,876.0,964.0,876.0,961.0,,,88.0,85.0,,
TF_69_0026.c3d,Event10,946.0,,941.0,,,,,,,
TF_69_0027.c3d,Event1,369.0,447.0,371.0,447.0,124.0,125.0,78.0,76.0,46.0,49.0
TF_69_0027.c3d,Event2,429.0,514.0,434.0,506.0,129.0,125.0,85.0,72.0,44.0,53.0
TF_69_0027.c3d,Event3,493.0,574.0,496.0,571.0,126.0,124.0,81.0,75.0,45.0,49.0
TF_69_0027.c3d,Event8,832.0,914.0,831.0,911.0,122.0,127.0,82.0,80.0,40.0,47.0
TF_69_0027.c3d,Event9,892.0,975.0,895.0,975.0,129.0,127.0,83.0,80.0,46.0,47.0
TF_69_0027.c3d,Event10,954.0,,958.0,,,,,,,
TF_69_0027.c3d,Event11,1021.0,,1022.0,,,,,,,
TF_69_0028.c3d,Event1,368.0,449.0,367.0,442.0,125.0,125.0,81.0,75.0,44.0,50.0
TF_69_0028.c3d,Event2,427.0,511.0,429.0,506.0,129.0,127.0,84.0,77.0,45.0,50.0
TF_69_0028.c3d,Event3,493.0,576.0,492.0,587.0,124.0,125.0,83.0,95.0,41.0,30.0
TF_69_0028.c3d,Event7,752.0,837.0,756.0,833.0,131.0,127.0,85.0,77.0,46.0,50.0
TF_69_0028.c3d,Event8,818.0,903.0,819.0,896.0,131.0,130.0,85.0,77.0,46.0,53.0
TF_69_0028.c3d,Event9,883.0,,883.0,,,,,,,
TF_69_0028.c3d,Event10,949.0,,949.0,,,,,,,
TF_70_0029.c3d,Event1,442.0,519.0,438.0,518.0,117.0,118.0,77.0,80.0,40.0,38.0
TF_70_0029.c3d,Event2,498.0,580.0,497.0,587.0,114.0,117.0,82.0,90.0,32.0,27.0
TF_70_0029.c3d,Event3,559.0,630.0,556.0,630.0,114.0,114.0,71.0,74.0,43.0,40.0
TF_70_0029.c3d,Event4,612.0,694.0,614.0,700.0,114.0,113.0,82.0,86.0,32.0,27.0
TF_70_0029.c3d,Event5,673.0,750.0,670.0,728.0,116.0,117.0,77.0,58.0,39.0,59.0
TF_70_0029.c3d,Event6,726.0,814.0,727.0,820.0,123.0,129.0,88.0,93.0,35.0,36.0
TF_70_0029.c3d,Event7,789.0,881.0,787.0,881.0,124.0,130.0,92.0,94.0,32.0,36.0
TF_70_0029.c3d,Event12,1100.0,1185.0,1100.0,1181.0,126.0,127.0,85.0,81.0,41.0,46.0
TF_70_0029.c3d,Event13,1163.0,1248.0,1164.0,1229.0,126.0,125.0,85.0,65.0,41.0,60.0
TF_70_0029.c3d,Event14,1226.0,1311.0,1227.0,1319.0,124.0,125.0,85.0,92.0,39.0,33.0
TF_70_0029.c3d,Event15,1289.0,1378.0,1289.0,1381.0,131.0,128.0,89.0,92.0,42.0,36.0
TF_70_0029.c3d,Event16,1350.0,1442.0,1352.0,1439.0,,,92.0,87.0,,
TF_70_0029.c3d,Event17,1420.0,,1417.0,,,,,,,
TF_70_0030.c3d,Event1,367.0,443.0,367.0,432.0,113.0,113.0,76.0,65.0,37.0,48.0
TF_70_0030.c3d,Event2,424.0,501.0,424.0,505.0,112.0,113.0,77.0,81.0,35.0,32.0
TF_70_0030.c3d,Event3,480.0,555.0,480.0,559.0,115.0,117.0,75.0,79.0,40.0,38.0
TF_70_0030.c3d,Event4,536.0,618.0,537.0,619.0,117.0,118.0,82.0,82.0,35.0,36.0
TF_70_0030.c3d,Event5,595.0,676.0,597.0,680.0,119.0,118.0,81.0,83.0,38.0,35.0
TF_70_0030.c3d,Event6,653.0,731.0,655.0,741.0,125.0,122.0,78.0,86.0,47.0,36.0
TF_70_0030.c3d,Event11,963.0,1076.0,964.0,1077.0,153.0,151.0,113.0,113.0,40.0,38.0
TF_70_0030.c3d,Event12,1032.0,1137.0,1007.0,1137.0,141.0,165.0,105.0,130.0,36.0,35.0
TF_70_0030.c3d,Event13,1116.0,1192.0,1115.0,1195.0,119.0,116.0,76.0,80.0,43.0,36.0
TF_70_0030.c3d,Event14,1173.0,1253.0,1172.0,1264.0,122.0,118.0,80.0,92.0,42.0,26.0
TF_70_0030.c3d,Event15,1235.0,1312.0,1231.0,1315.0,114.0,121.0,77.0,84.0,37.0,37.0
TF_70_0030.c3d,Event16,1295.0,1370.0,1290.0,1376.0,111.0,125.0,75.0,86.0,36.0,39.0
TF_70_0030.c3d,Event17,1349.0,1434.0,1352.0,1435.0,,,85.0,83.0,,
TF_70_0030.c3d,Event18,1406.0,,1415.0,,,,,,,
TF_70_0031.c3d,Event1,327.0,404.0,326.0,403.0,117.0,117.0,77.0,77.0,40.0,40.0
TF_70_0031.c3d,Event2,385.0,462.0,385.0,466.0,113.0,114.0,77.0,81.0,36.0,33.0
TF_70_0031.c3d,Event3,444.0,522.0,443.0,522.0,112.0,112.0,78.0,79.0,34.0,33.0
TF_70_0031.c3d,Event4,498.0,577.0,499.0,602.0,110.0,112.0,79.0,103.0,31.0,9.0
TF_70_0031.c3d,Event5,556.0,628.0,555.0,632.0,114.0,116.0,72.0,77.0,42.0,39.0
TF_70_0031.c3d,Event6,608.0,688.0,611.0,695.0,117.0,121.0,80.0,84.0,37.0,37.0
TF_70_0031.c3d,Event7,670.0,748.0,671.0,,120.0,120.0,78.0,,42.0,
TF_70_0031.c3d,Event11,914.0,992.0,909.0,997.0,119.0,123.0,78.0,88.0,41.0,35.0
TF_70_0031.c3d,Event12,972.0,1053.0,970.0,1046.0,117.0,121.0,81.0,76.0,36.0,45.0
TF_70_0031.c3d,Event13,1033.0,1111.0,1032.0,1094.0,119.0,121.0,78.0,62.0,41.0,59.0
TF_70_0031.c3d,Event14,1089.0,1173.0,1091.0,1169.0,123.0,123.0,84.0,78.0,39.0,45.0
TF_70_0031.c3d,Event15,1152.0,1237.0,1153.0,1238.0,,,85.0,85.0,,
TF_70_0031.c3d,Event16,1212.0,,1214.0,,,,,,,
